<Tile Name="XIGMainWindow" Component="XIGMainWindow">
</Tile>
<!--
	<Tile Name="TopRow" ResizeX="100" Component="XIGMainTopRow">
		<Tile Name="MainTitle" X="11" Y="7" ResizeX="60" Component="XIGMainTitle" />
		<Tile Name="MainClock" Y="7" JustX="Right" Component="XIGMainClock" />
	</Tile>
		<Tile Name="ResizeGripperTL" Z="7" JustX="Left" JustY="Top" Component="ChatResizeGripperTL" />
		<Tile Name="ResizeGripperT" Z="6" JustY="Top" ResizeX="100" IndentLeft="GroupResizeGripperTL.Width" IndentRight="GroupResizeGripperTR.Width" Component="ChatResizeGripperTop" />
		<Tile Name="ResizeTR" Z="7" JustX="Right" JustY="Top" Component="ChatResizeGripperTR" />
		<Tile Name="ResizeGripperL" Z="5" JustX="Left"  IndentTop="GroupResizeGripperTL.Height" Component="ChatResizeGripperL" />
		<Tile Name="ResizeGripperR" Z="5" JustX="Right" IndentTop="GroupResizeGripperTR.Height" Component="ChatResizeGripperR" />
		-->