<?xml version="1.0" encoding="UTF-8"?>
<!DOCTYPE Tile SYSTEM "CarbonFiber.dtd">

<Tile Name="ChatWindow" ResizeX="100" ResizeY="100" Component="GroupChatMainWindow">
	<!--
	//////////////////////////////////////////////
	// Resize Grippers
	//////////////////////////////////////////////
	-->
	<Tile Name="ResizeGripperTL" Z="26" JustX="Left" JustY="Top" Component="ChatResizeGripperTL" />
	<Tile Name="ResizeTop" Z="25" ResizeX="100" IndentLeft="ResizeGripperTL.Width" IndentRight="ResizeGripperTR.Width" Component="ChatResizeGripperTop" />
	<Tile Name="ResizeGripperTR" Z="26" JustX="Right" JustY="Top" Component="ChatResizeGripperTR" />
	<Tile Name="ResizeL" Z="25" ResizeY="100" IndentTop="ResizeGripperTL.Height" IndentBottom="ResizeGripperBL.Height" Component="ChatResizeGripperL" />
	<Tile Name="ResizeR" Z="25" JustX="Right" ResizeY="100" IndentTop="ResizeGripperTR.Height" IndentBottom="ResizeGripperBR.Height" Component="ChatResizeGripperR" />
	<Tile Name="ResizeGripperBL" Z="26" JustX="Left" JustY="Bottom" Component="ChatResizeGripperBL" />
	<Tile Name="ResizeBottom" Z="25" JustX="Center" JustY="Bottom" ResizeX="100" IndentLeft="ResizeGripperBL.Width" IndentRight="ResizeGripperBR.Width" Component="ChatResizeGripperBottom" />
	<Tile Name="ResizeGripperBR" X="2" Y="2" Z="26" JustX="Right" JustY="Bottom" Component="ChatResizeGripperBR" />
	
	
	
	<!--
	//////////////////////////////////////////////
	// Window Draggers
	//////////////////////////////////////////////
	-->
	<Tile Name="WindowDraggerTop" Z="10" ResizeX="100" ResizeY="100" Component="WindowDragger" />
	
	
	
	<!--
	//////////////////////////////////////////////
	// Window Frame
	//////////////////////////////////////////////
	-->
	<Tile Name="TopRow" Z="1" ResizeX="100" Component="ChatTopRow" />
	<Tile Name="LeftSide" Z="1" JustX="Left" ResizeY="100" IndentTop="TopRow.Height" IndentBottom="BottomRow.Height" Component="ChatLeftSide" />
	<Tile Name="Background" Z="1" ResizeX="100" ResizeY="100" IndentTop="TopRow.Height" IndentRight="RightSide.Width" IndentBottom="BottomRow.Height" IndentLeft="LeftSide.Width" Component="ChatBackground" />
	<Tile Name="RightSide" Z="1" JustX="Right" ResizeY="100" IndentTop="TopRow.Height" IndentBottom="BottomRow.Height" Component="ChatRightSide" />
	<Tile Name="BottomRow" Z="1" JustY="Bottom" ResizeX="100" Component="ChatBottomRow" />
	
	
	
	<!--
	//////////////////////////////////////////////
	// Content
	//////////////////////////////////////////////
	-->
	<!--[BEGIN] Window Control -->
	<Tile Name="ButtonMinimize" X="42" Y="4" Z="25" JustX="Right" Component="ButtonMinimize" />
	<Tile Name="ButtonMaximize" X="25" Y="4" Z="25" JustX="Right" Component="ButtonMaximize" />
	<Tile Name="ButtonClose" X="8" Y="4" Z="25" JustX="Right" Component="ButtonClose" />
	<!--[END] Window Control -->
	
	
	<!--[BEGIN] Username -->
	<Tile Name="UsernameContainer" Y="4" Z="24" ResizeX="100" IndentRight="62" IndentLeft="144" Component="ChatUserContainer">
		<Tile Name="ChatUser" Z="25" JustX="Left" JustY="Center" ResizeX="100" Component="ChatUser" />
	</Tile>
	<!--[END] Username -->
	
	
	<!--[BEGIN] Menus -->
	<Tile Name="MenuBackground" X="10" Z="24" Component="MenuBackground">
		<Tile Name="XfireMenu" Z="25" Component="XfireMenu" />
		<Tile Name="GCActionsMenu" Z="25" JustX="Center" Component="GCActionsMenu" />
		<Tile Name="HelpMenu" Z="25" JustX="Right" Component="HelpMenu" />
	</Tile>
	<!--[END] Menus -->
	
	
	
	<!--
	//////////////////////////////////////////////
	// Chat Area & Chat Edit
	//////////////////////////////////////////////
	-->
	<Tile Name="ChatAreaContainer" Y="29" Z="24" ResizeX="100" ResizeY="100" IndentRight="200" IndentBottom="63" IndentLeft="10" Component="ContentContainer">
		<!--[BEGIN] Chat Area -->
		<Tile Name="ChatArea" Z="25" ResizeX="100" ResizeY="100" IndentTop="1" IndentRight="1" IndentBottom="1" IndentLeft="1" Component="GroupChatArea" />
		<!--[END] Chat Area -->
	</Tile>
	
	<!--[BEGIN] Chat Edit -->
	<Tile Name="ChatEdit" Y="ChatAreaContainer.Bottom+3" Z="25" ResizeX="100" IndentTop="2" IndentRight="229" IndentBottom="2" IndentLeft="11" Component="GroupChatEdit">
		<Tile Name="ChatEditContainer" Z="24" ResizeX="100" ResizeY="100" OUtdentTop="1" OutdentRight="1" OutdentBottom="1" OutdentLeft="1" Component="TextContainer" />
	</Tile>
	<Tile Name="ButtonSend" X="ChatEdit.Right" Y="ChatEdit.Top-1" Z="25" Component="ChatButtonSend" />
	<!--[END] Chat Edit -->
	
	
	<!--[BEGIN] Info View Content Container -->
	<Tile Name="UserListContentContainer" X="ChatAreaContainer.Right+10" Y="ChatAreaContainer.Top" Z="98" ResizeX="100" ResizeY="100" IndentRight="10" IndentBottom="32" Component="ContentContainer">
		<!--[BEGIN] Info View -->
		<Tile Name="UsersList" Z="99" ResizeX="100" ResizeY="100" IndentTop="1" IndentRight="1" IndentBottom="1" IndentLeft="1" Component="GroupChatUsersList" />
		<!--[END] Info View -->
	</Tile>
	<!--[END] Info View Content Container -->
	
	
	
	<!--
	//////////////////////////////////////////////
	// Buttons
	//////////////////////////////////////////////
	-->
	<Tile Name="ButtonBar" Y="ChatEdit.Bottom+3" ResizeX="100" IndentLeft="10" IndentRight="200" Component="ChatButtonBarBottom">
		<Tile Name="TabbedGCCall" Z="25" JustY="Center" Component="TabbedGCCall">
			<Tile Name="GroupButtonCall" JustX="Center" JustY="Center" Component="GroupChatButtonCall" />
			<Tile Name="GroupButtonJoinCall" JustX="Center" JustY="Center" Component="GroupChatButtonAnswerCall" />
			<Tile Name="GroupButtonLeaveCall" JustX="Center" JustY="Center" Component="GroupChatButtonLeaveCall" />
		</Tile>
		<Tile Name="TabbedMute" X="TabbedGCCall.Right+3" Y="TabbedGCCall.Top" Z="25" Component="TabbedMute">
			<Tile Name="GroupButtonMuteSelf" JustX="Center" JustY="Center" Component="ChatButtonMuteSelf" />
			<Tile Name="GroupButtonUnmuteSelf" JustX="Center" JustY="Center" Component="ChatButtonUnmuteSelf" />
		</Tile>
		<Tile Name="TabbedJoinGame" X="TabbedMute.Right+3" Y="TabbedGCCall.Top" Z="25" Component="TabbedJoinGame">
			<Tile Name="GroupHostGame" JustX="Center" JustY="Center" Component="GroupButtonHostGameLobby" />
			<Tile Name="GroupJoinGame" JustX="Center" JustY="Center" Component="GroupButtonJoinGameLobby" />
			<Tile Name="GroupLeaveGame" JustX="Center" JustY="Center" Component="GroupButtonLeaveGameLobby" />
			<Tile Name="GroupLaunchGame" JustX="Center" JustY="Center" Component="GroupButtonLaunchGameLobby" />
			<Tile Name="GroupDisabledGame" JustX="Center" JustY="Center" Component="GroupButtonDisabledGameLobby" />
		</Tile>
	</Tile>
	
	
	<!--[BEGIN] Xfire Logo -->
	<!-- <Tile Name="XfireLogo" X="32" Y="UserListContentContainer.Bottom+5" Z="99" JustX="Right" Component="XfireLogo" /> -->
	<!--[END] Xfire Logo -->
	
	
	
	<!--
	//////////////////////////////////////////////
	// Ad
	//////////////////////////////////////////////
	-->
	<!-- <Tile Name="VisualLayoutControl" X="ChatArea.Right" Y="2" ResizeY="100" IndentBottom="2" Component="GroupChatVisualLayoutControl">
		<Tile Name="SponsorContainer" X="2" JustY="Bottom" Component="GroupChatSponsorContainer">
			<Tile Name="SponsorHeader" ResizeX="100" Component="GroupChatSponsorBar">
				<Tile Name="SponsorText" X="5" JustY="Center" IndentRight="26" Component="GroupChatSponsorText" />
				<Tile Name="ButtonSponsorClose" X="8" JustX="Right" JustY="Center" Component="GroupChatButtonSponsorClose" />
			</Tile>
			<Tile Name="SponsorAd" Y="SponsorHeader.Bottom" JustX="Center" Component="GroupChatSponsorAd" />
		</Tile>
	</Tile> -->
</Tile>