<?xml version="1.0" encoding="UTF-8"?>
<!DOCTYPE Tile SYSTEM "CarbonFiber.dtd">

<Tile Name="MainWindow" ResizeX="100" ResizeY="100" Component="MainWindow">
	<!--
	//////////////////////////////////////////////
	// Resize Grippers
	//////////////////////////////////////////////
	-->
	<Tile Name="ResizeGripperTL" Z="26" JustX="Left" JustY="Top" Component="MainResizeGripperTL" />
	<Tile Name="ResizeTop" Z="25" ResizeX="100" IndentLeft="ResizeGripperTL.Width" IndentRight="ResizeGripperTR.Width" Component="MainResizeGripperTop" />
	<Tile Name="ResizeGripperTR" Z="26" JustX="Right" JustY="Top" Component="MainResizeGripperTR" />
	<Tile Name="ResizeL" Z="25" ResizeY="100" IndentTop="ResizeGripperTL.Height" IndentBottom="ResizeGripperBL.Height" Component="MainResizeGripperL" />
	<Tile Name="ResizeR" Z="25" JustX="Right" ResizeY="100" IndentTop="ResizeGripperTR.Height" IndentBottom="ResizeGripperBR.Height" Component="MainResizeGripperR" />
	<Tile Name="ResizeGripperBL" Z="26" JustX="Left" JustY="Bottom" Component="MainResizeGripperBL" />
	<Tile Name="ResizeBottom" Z="25" JustX="Center" JustY="Bottom" ResizeX="100" IndentLeft="ResizeGripperBL.Width" IndentRight="ResizeGripperBR.Width+2" Component="MainResizeGripperBottom" />
	<Tile Name="ResizeGripperBR" X="2" Y="2" Z="26" JustX="Right" JustY="Bottom" Component="MainResizeGripperBR" />
	
	
	
	<!--
	//////////////////////////////////////////////
	// Window Draggers
	//////////////////////////////////////////////
	-->
	<Tile Name="WindowDraggerTop" Z="10" ResizeX="100" ResizeY="100" Component="WindowDragger" />
	
	
	
	<!--
	//////////////////////////////////////////////
	// Window Frame
	//////////////////////////////////////////////
	-->
	<Tile Name="TopRow" Z="1" ResizeX="100" Component="MainTopRow" />
	<Tile Name="LeftSide" Z="1" JustX="Left" ResizeY="100" IndentTop="TopRow.Height" IndentBottom="BottomRow.Height" Component="MainLeftSide" />
	<Tile Name="Background" Z="1" ResizeX="100" ResizeY="100" IndentTop="TopRow.Height" IndentRight="RightSide.Width" IndentBottom="BottomRow.Height" IndentLeft="LeftSide.Width" Component="MainBackground" />
	<Tile Name="RightSide" Z="1" JustX="Right" ResizeY="100" IndentTop="TopRow.Height" IndentBottom="BottomRow.Height" Component="MainRightSide" />
	<Tile Name="BottomRow" Z="1" JustY="Bottom" ResizeX="100" Component="MainBottomRow" />
	
	
	
	<!--
	//////////////////////////////////////////////
	// Content
	//////////////////////////////////////////////
	-->
	<!--[BEGIN] Window Control -->
	<Tile Name="ButtonMinimize" X="42" Y="4" Z="25" JustX="Right" Component="ButtonMinimize" />
	<Tile Name="ButtonMaximize" X="25" Y="4" Z="25" JustX="Right" Component="ButtonMaximize" />
	<Tile Name="ButtonClose" X="8" Y="4" Z="25" JustX="Right" Component="ButtonClose" />
	<!--[END] Window Control -->
	
	
	<!--[BEGIN] Username -->
	<Tile Name="UsernameContainer" Y="4" Z="24" ResizeX="100" IndentRight="256" IndentLeft="144" Component="UsernameContainer">
		<Tile Name="WelcomePrefix" Z="25" JustX="Left" JustY="Center" Component="WelcomePrefix" />
		<Tile Name="Username" X="WelcomePrefix.Right+2" Z="25" JustX="Left" JustY="Center" ResizeX="100" Component="Username" />
	</Tile>
	<!--[END] Username -->
	
	
	<!--[BEGIN] Menus -->
	<Tile Name="MenuBackground" X="10" Z="24" Component="MenuBackground">
		<Tile Name="XfireMenu" Z="25" Component="XfireMenu" />
		<Tile Name="ToolsMenu" Z="25" JustX="Center" Component="ToolsMenu" />
		<Tile Name="HelpMenu" Z="25" JustX="Right" Component="HelpMenu" />
	</Tile>
	<!--[END] Menus -->
	
	
	<!--[BEGIN] Status -->
	<Tile Name="StatusBarContainer" X="10" Y="MainContentContainer.bottom + 5" Z="24" JustX="Left" Component="StatusBarContainer">
		<Tile Name="Status" Z="25" JustY="Center" ResizeX="100" ResizeY="100" IndentTop="2" IndentRight="18" IndentBottom="2" IndentLeft="2" Component="Status" />
		<Tile Name="StatusArrow" X="4" Z="25" JustX="Right" JustY="Center" Component="ButtonStatusArrow" />
	</Tile>
	<!--[END] Status -->
	
	
	<!--[BEGIN] Tabs -->
	<Tile Name="TabsContainer" Y="29" Z="25" ResizeX="100" IndentRight="10" IndentLeft="10" Component="TabButtonsContainer">
		<Tile Name="ButtonFriendsTab" Component="ButtonFriendsTab" />
		<Tile Name="ButtonChatRoomsTab" X="ButtonFriendsTab.Right-1" Component="ButtonChatRoomsTab" />
		<Tile Name="ButtonServersTab" X="ButtonChatRoomsTab.Right-1" Component="ButtonServersTab" />
		<Tile Name="ButtonFilesTab" X="ButtonServersTab.Right-1" Component="ButtonFilesTab" />
		<Tile Name="ButtonPicturesTab" X="ButtonFilesTab.Right-1" Component="ButtonPicturesTab" />
		<Tile Name="ButtonVideosTab" X="ButtonPicturesTab.Right-1" Component="ButtonVideosTab" />
		<Tile Name="ButtonNotificationsTab" X="ButtonVideosTab.Right-1" Component="ButtonNotificationsTab" />
	</Tile>
	<!--[END] Tabs -->
	
	
	<!--[BEGIN] Main Content Container -->
	<Tile Name="MainContentContainer" Y="TabsContainer.Bottom-1" Z="24" ResizeX="100" ResizeY="100" IndentRight="10" IndentBottom="32" IndentLeft="10" Component="ContentContainer">
		<!--[BEGIN] Xfire View -->
		<Tile Name="XfireView" Z="99" ResizeX="100" ResizeY="100" IndentTop="2" IndentRight="1" IndentBottom="1" IndentLeft="1" Component="XfireView" />
		<!--[END] Xfire View -->
	</Tile>
	<!--[END] Main Content Container -->
	
	
	<!--[BEGIN] Tabbed Buttons -->
	<!--<Tile Name="TabsButtonsContainer" Y="MainContentContainer.Bottom+3" Z="25" ResizeX="100" IndentLeft="10" IndentRight="256" Component="TabControl"> -->
		<!-- Reverse stacking of the buttons because they are centered 
		<Tile Name="FriendsButtonBar" ResizeX="100" Component="FriendsButtonBar">
			<Tile Name="FriendAddButton" Component="ButtonAddFriend" />
			<Tile Name="FriendChatButton" X="FriendAddButton.Right+3" Component="ButtonChatFriend" />
			<Tile Name="FriendJoinGame" X="FriendChatButton.Right+3" Component="ButtonJoinGame" />
			<Tile Name="FriendInfoButton" X="FriendJoinGame.Right+3" Component="ButtonInfo" />
		</Tile>
		<Tile Name="ChatRoomsButtonBar" ResizeX="100" ResizeY="100" Component="ChatRoomsButtonBar">
			<Tile Name="RoomEditBG" JustY="Center" Component="RoomEditBackground">
				<Tile Name="ChatRoomEdit" ResizeX="100" ResizeY="100" IndentTop="2" IndentRight="2" IndentBottom="2" IndentLeft="2" Component="RoomEdit" />
			</Tile>
			<Tile Name="ChatRoomCreate" X="RoomEditBG.Right+3" Component="ButtonCreateChatRoom" />
			<Tile Name="ChatRoomEnter" X="ChatRoomCreate.Right+3" Component="ButtonEnterChatRoom" />
			<Tile Name="ChatRoomDelete" X="ChatRoomEnter.Right+3" Component="ButtonDeleteChatRoom" />
		</Tile>
		<Tile Name="FilesButtonBar" ResizeX="100" ResizeY="100" Component="FilesButtonBar">
			<Tile Name="OpenFiles" Component="ButtonOpenFiles" />
			<Tile Name="DeleteFiles" X="OpenFiles.Right+3" Component="ButtonDeleteFiles" />
			<Tile Name="SearchFiles" X="DeleteFiles.Right+3" Component="ButtonSearchFiles" />
		</Tile>
		<Tile Name="ServersButtonBar" ResizeX="100" ResizeY="100" Component="ServersButtonBar">
			<Tile Name="FavoriteServer" Component="ButtonFavoriteServers" />
			<Tile Name="RefreshServer" X="FavoriteServer.Right+3" Component="ButtonRefreshServers" />
			<Tile Name="JoinGame" X="RefreshServer.Right+3" Component="ButtonJoinGameServers" />
		
		</Tile>
		<Tile Name="PicturesButtonBar" ResizeX="100" ResizeY="100" Component="PicturesButtonBar">
			<Tile Name="ViewPictures" Component="ButtonInfoPictures" />
			<Tile Name="OpenPicture" X="ViewPictures.Right+3" Component="ButtonViewPictures" />
			<Tile Name="DeletePictures" X="OpenPictures.Right+3" Component="ButtonDeletePictures" />
			<Tile Name="UploadPictures" X="DeletePictures.Right+3" Component="ButtonUploadPictures" />
		</Tile>
		<Tile Name="VideosButtonBar" ResizeX="100" ResizeY="100" Component="VideosButtonBar">
			<Tile Name="OpenVideos" Component="ButtonViewVideos" />
			<Tile Name="DeleteVideos" X="OpenVideos.Right+3" Component="ButtonDeleteVideos" />
			<Tile Name="SearchVideos" X="DeleteVideos.Right+3" Component="ButtonSearchVideos" />
			<Tile Name="UploadVideos" X="SearchVideos.Right+3" Component="ButtonUploadVideos" />
		</Tile>
		<Tile Name="NotificationsButtonBar" ResizeX="100" ResizeY="100" Component="NotificationsButtonBar">
			<Tile Name="OpenNotification" Component="ButtonOpenFiles" />
			<Tile Name="DeleteNotification" X="OpenNotification.Right+3" Component="ButtonDeleteFiles" />
		</Tile>
	</Tile> -->
	<!--[END] Tabbed Buttons -->
	
	
	<!--[BEGIN] Info View Content Container -->
	<!--><Tile Name="InfoViewContentContainer" X="MainContentContainer.Right+10" Y="TabsContainer.Top" Z="98" ResizeX="100" ResizeY="100" IndentRight="10" IndentBottom="104" Component="ContentContainer"> -->
		<!--[BEGIN] Info View -->
		<!--<Tile Name="InfoViewContent" Z="99" ResizeX="100" ResizeY="100" IndentTop="1" IndentRight="1" IndentBottom="1" IndentLeft="1" Component="MainInfoViewContent" /> -->
		<!--[END] Info View -->
	<!--</Tile>-->
	<!--[END] Info View Content Container -->
	
	
	<!--[BEGIN] Info View -->
	<!-- <Tile Name="MainInfoViewButton" Z="25" JustX="Right" JustY="Center" Component="ButtonMainInfoOut" /> -->
	<!--[END] Info View -->
	
	
	<!--[BEGIN] Ad -->
	<!--<Tile Name="AdViewContainer" X="10" Y="32" Z="98" JustX="Right" JustY="Bottom" Component="AdViewContainer">
		<Tile Name="AdView" Z="99" JustX="Center" JustY="Center" Component="AdView" />
	</Tile> -->
	<!--[END] Ad -->
	
	
	<!--[BEGIN] Xfire Logo -->
	<!--<Tile Name="XfireLogo" X="32" Y="AdViewContainer.Bottom+5" Z="99" JustX="Right" Component="XfireLogo" /> -->
	<!--[END] Xfire Logo -->
</Tile>