<?xml version="1.0" encoding="UTF-8"?>
<!DOCTYPE XfireSkin SYSTEM "CarbonFiber.dtd">

<XfireSkin>
	<Include File="Themes.xml" />
	<Include File="Strings.xml" />
	<Include File="Popups.xml" />
	
	<!-- Include components -->
	<Include File="Components/Common.xml" />
	<Include File="Components/MainWindow.xml" />
	<Include File="Components/ChatWindow.xml" />
	<Include File="Components/GroupChatWindow.xml" />
	<Include File="Components/Popups.xml" />
	<Include File="Components/Xig2/Common.xml" />
	<Include File="Components/Xig2/ActiveWindows/Common.xml" />
	<Include File="Components/Xig2/ActiveWindows/Xig2ChatRooms.xml" />
	<Include File="Components/Xig2/ActiveWindows/Xig2Chats.xml" />
	<Include File="Components/Xig2/ActiveWindows/Xig2Friends.xml" />
	<Include File="Components/Xig2/ActiveWindows/Xig2Help.xml" />
	<Include File="Components/Xig2/ActiveWindows/Xig2Options.xml" />
	<Include File="Components/Xig2/Overlays/Common.xml" />
	<Include File="Components/Xig2/Overlays/Xig2Alert.xml" />
	<Include File="Components/Xig2/Overlays/Xig2Bar.xml" />
	<Include File="Components/Xig2/Overlays/Xig2Clock.xml" />
	<Include File="Components/Xig2/Overlays/Xig2EditMode.xml" />
	<Include File="Components/Xig2/Overlays/Xig2EditModeOpt.xml" />
	<Include File="Components/Xig2/Overlays/Xig2Fps.xml" />
	<Include File="Components/Xig2/Overlays/Xig2Music.xml" />
	<Include File="Components/Xig2/Overlays/Xig2Voice.xml" />
	<Include File="Components/Xig2/Overlays/Xig2Watermark.xml" />
	<Include File="Components/Xig2/Overlays/Xig2Web.xml" />
	<Include File="Components/Xig2/Overlays/Xig2WebCam.xml" />
	<Include File="Components/Xig2/SystemDialogs/Common.xml" />
	<Include File="Components/Xig2/SystemDialogs/Xig2AddFriend.xml" />
	<Include File="Components/Xig2/SystemDialogs/Xig2AlertOpt.xml" />
	<Include File="Components/Xig2/SystemDialogs/Xig2BroadcastOpt.xml" />
	<Include File="Components/Xig2/SystemDialogs/Xig2InviteUsersToRoom.xml" />
	<Include File="Components/Xig2/SystemDialogs/Xig2MessageBox.xml" />
	
 
  <MainSkin>
    <Include File="MainWindow.xml" /> 
  </MainSkin>

  <ChatSkin>
    <Include File="ChatWindow.xml" />
  </ChatSkin>

	<GroupChatSkin>
    <Include File="GroupChatWindow.xml" />
  </GroupChatSkin>

	<!-- <InGameMainSkin>
		<Include File="XIG/XigMainWindow.xml" />
	</InGameMainSkin>
 
  <InGameAlertSkin>
    <Include File="XIG/XigAlertWindow.xml" />
  </InGameAlertSkin> -->

  <XIG>
    <ActiveWindows>
		<Include File="XIG2/ActiveWindows/Xig2Chats.xml" />
		<Include File="XIG2/ActiveWindows/Xig2ChatRooms.xml" />
      <Include File="XIG2/ActiveWindows/Xig2Friends.xml" />
      <Include File="XIG2/ActiveWindows/Xig2Help.xml" />
		<Include File="XIG2/ActiveWindows/Xig2Options.xml" />
    </ActiveWindows>

    <Overlays>
      <Include File="XIG2/Overlays/Xig2Alert.xml" />
		<Include File="XIG2/Overlays/Xig2Bar.xml" />
      <Include File="XIG2/Overlays/Xig2Clock.xml" />
		<Include File="XIG2/Overlays/Xig2EditMode.xml" />
		<Include File="XIG2/Overlays/Xig2EditModeOpt.xml" />
      <Include File="XIG2/Overlays/Xig2Fps.xml" />
		<Include File="XIG2/Overlays/Xig2Music.xml" />
      <Include File="XIG2/Overlays/Xig2Voice.xml" />
		<Include File="XIG2/Overlays/Xig2Web.xml" />
		<Include File="XIG2/Overlays/Xig2WebCam.xml" />
		<Include File="XIG2/Overlays/Xig2Watermark.xml" />
    </Overlays>

    <SystemDialogs>
		<Include File="XIG2/SystemDialogs/Xig2AlertOpt.xml" />
		<Include File="XIG2/SystemDialogs/Xig2BroadcastOpt.xml" />
      <Include File="XIG2/SystemDialogs/Xig2AddFriend.xml" />
      <Include File="XIG2/SystemDialogs/Xig2InviteUsersToRoom.xml" />
		<Include File="XIG2/SystemDialogs/Xig2MessageBox.xml" />
    </SystemDialogs>
  </XIG>

</XfireSkin>
