<?xml version="1.0" encoding="UTF-8"?>
<!DOCTYPE Themes SYSTEM "CarbonFiber.dtd">

<Themes>
	<Theme Name="default">
		<Colors>
			<Color Name="ChatEditBGCG">RGBA(30,30,30,0)</Color>
			<Color Name="ChatOtherHyperLinkCG">RGBA(26,103,175,0)</Color>
			<Color Name="ChatOtherNameCG">RGBA(26,103,175,0)</Color>
			<Color Name="ChatOtherTextCG">RGBA(26,103,175,0)</Color>
			<Color Name="ChatPersonalHyperLinkCG">RGBA(26,103,175,0)</Color>
			<Color Name="ChatPersonalNameCG">RGBA(183,184,184,0)</Color>
			<Color Name="ChatPersonalTextCG">RGBA(183,184,184,0)</Color>
			<Color Name="ChatTitleCG">RGBA(106,106,106,0)</Color>
			<Color Name="ChatViewBGCG">RGBA(22,22,22,0)</Color>
			<Color Name="DisabledText">RGBA(39,39,39,0)</Color>
			<Color Name="HeaderTextCG">RGBA(183,184,184,0)</Color>
			<Color Name="InfoViewBGCG">RGBA(22,22,22,0)</Color>
			<Color Name="InfoViewTextCG">RGBA(183,184,184,0)</Color>
			<Color Name="FriendNameCG">RGBA(183,184,184,0)</Color>
			<Color Name="LinkTextCG">RGBA(26,103,175,0)</Color>
			<Color Name="ListBGCG">RGBA(22,22,22,0)</Color>
			<Color Name="ListClanTextCG">RGBA(103,103,103,0)</Color>
			<Color Name="ListColorInActive">RGBA(60,60,60,0)</Color>
			<Color Name="ListColorSelectedCG">RGBA(19,132,208,0)</Color>
			<Color Name="ListColorSelectedDiabledCG">RGBA(10,41,76,0)</Color>
			<Color Name="ListColorSelectedTextCG">RGBA(255,255,255,0)</Color>
			<Color Name="ListFoFTextCG">RGBA(26,103,175,0)</Color>
			<Color Name="ListFriendTextCG">RGBA(183,184,184,0)</Color>
			<Color Name="ListOfflineTextCG">RGBA(12,51,87,0)</Color>
			<Color Name="MenuTextCG">RGBA(108,103,103,0)</Color>
			<Color Name="ProgBarBGCG">RGBA(12,51,87,0)</Color>
			<Color Name="ProgBarFillCG">RGBA(26,103,175,0)</Color>
			<Color Name="ProgBarOutlineCG">RGBA(12,51,87,0)</Color>
			<Color Name="ProgBarTextCG">RGBA(183,184,184,0)</Color>
			<Color Name="ScrollbarBGCG">RGBA(0,0,0,0)</Color>
			<Color Name="ScrollbarCG">RGBA(0,0,0,0)</Color>
			<Color Name="StatusBackgroundCG">RGBA(30,30,30,0)</Color>
			<Color Name="StatusTextCG">RGBA(26,103,175,0)</Color>
			<!-- Section headings in: Files, Servers -->
			<Color Name="TextDepth1">RGBA(26,103,175,0)</Color>
			<!-- Text color in: Files (only some use this), Servers, Pictures, Video -->
			<Color Name="TextDepth2">RGBA(183,184,184,0)</Color>
			<!-- Recently downloaded files -->
			<Color Name="TextDepth3">RGBA(103,103,103,0)</Color>
			<Color Name="TextDepth4">RGBA(26,103,175,0)</Color>
			<Color Name="TextFavServersCG">RGBA(26,103,175,0)</Color>
			<Color Name="TextFieldBGCG">RGBA(30,30,30,0)</Color>
			<Color Name="TextFieldTextCG">RGBA(26,103,175,0)</Color>
			<Color Name="TextFieldTextHighlightCG">RGBA(19,132,208,0)</Color>
			<Color Name="TextFieldTextHighlightInactiveCG">RGBA(10,41,76,0)</Color>
			<Color Name="ToolTipBGCG">RGBA(22,22,22,0)</Color>
			<Color Name="ToolTipTextCG">RGBA(183,184,184,0)</Color>
			<Color Name="UserNameCG">RGBA(183,184,184,0)</Color>
			<Color Name="UserTypingMessageCG">RGBA(19,132,209,0)</Color>
			<Color Name="XfireLogoCG">RGBA(0,0,0,0)</Color>
			<Color Name="XfireLogoDownCG">RGBA(0,0,0,0)</Color>
			<Color Name="XfireLogoHoverCG">RGBA(0,0,0,0)</Color>
			<Color Name="XIGActiveWindowTitleCG">RGBA(255,255,255,0)</Color>
			<Color Name="XIGBarTextCG">RGBA(26,103,175,0)</Color>
			<Color Name="XIGCaretCG">RGBA(255,255,255,0)</Color>
			<!-- FPS, Clock, Voice, WebCam, etc -->
			<Color Name="XIGLiveStatsTextCG">RGBA(19,132,209,0)</Color>
			<Color Name="XIGLiveStatsTextDeactivatedCG">RGBA(10,41,76,0)</Color>
			<Color Name="XIGFocusedColorCG">RGBA(0,0,0,0)</Color>
			<Color Name="XIGMusicPlayerTrackTextCG">RGBA(26,103,175,0)</Color>
			<!-- In general all overlay's text color this includes but isn't limited to
			     Music Player, Alert, Edit Mode Options, etc. -->
			<Color Name="XIGOverlayTextCG">RGBA(183,184,184,0)</Color>
			<Color Name="XIGOverlayTitleCG">RGBA(255,255,255,0)</Color>
			<!-- In general all System Dialog's title color this includes but isn't limited to
			     Music Player, Alert, Edit Mode Options, etc. -->
			<Color Name="XIGSystemDialogTextCG">RGBA(183,184,184,0)</Color>
			<Color Name="XIGSystemDialogTitleCG">RGBA(255,255,255,0)</Color>
			<!-- Text color of in-game web browser tabs -->
			<Color Name="XIGWebTabActiveTextCG">RGBA(255,255,255,0)</Color>
			<Color Name="XIGWebTabInActiveTextCG">RGBA(26,103,175,0)</Color>
		</Colors>
		
		<ColorShifts>
		</ColorShifts>
		
		<Sounds>
		</Sounds>
		
		<Bitmaps>
			<!--
			//////////////////////////////////////////////
			// Frame 1
			//////////////////////////////////////////////
			-->
			<Bitmap Name="frame1_top_left">Images/Frame1/frame1-top-left.gif</Bitmap>
			<Bitmap Name="frame1_top_middle">Images/Frame1/frame1-top-middle.gif</Bitmap>
			<Bitmap Name="frame1_top_right">Images/Frame1/frame1-top-right.gif</Bitmap>
			
			<Bitmap Name="frame1_leftside_middle">Images/Frame1/frame1-leftside-middle.gif</Bitmap>
			<Bitmap Name="frame1_window_filler">Images/Frame1/frame1-window-filler.gif</Bitmap>
			<Bitmap Name="frame1_rightside_middle">Images/Frame1/frame1-rightside-middle.gif</Bitmap>
			
			<Bitmap Name="frame1_bottom_left">Images/Frame1/frame1-bottom-left.gif</Bitmap>
			<Bitmap Name="frame1_bottom_middle">Images/Frame1/frame1-bottom-middle.gif</Bitmap>
			<Bitmap Name="frame1_bottom_right">Images/Frame1/frame1-bottom-right.gif</Bitmap>
			
			<Bitmap Name="frame1_gripper_bottom_right_norm">Images/Frame1/frame1-gripper-bottom-right-norm.gif</Bitmap>
			<Bitmap Name="frame1_gripper_bottom_right_hover">Images/Frame1/frame1-gripper-bottom-right-hover.gif</Bitmap>
			<Bitmap Name="frame1_gripper_bottom_right_down">Images/Frame1/frame1-gripper-bottom-right-down.gif</Bitmap>
			
			<Bitmap Name="frame1_xfire_logo_norm">Images/Frame1/frame1-xfire-logo-norm.gif</Bitmap>
			<Bitmap Name="frame1_xfire_logo_hover">Images/Frame1/frame1-xfire-logo-hover.gif</Bitmap>
			<Bitmap Name="frame1_xfire_logo_down">Images/Frame1/frame1-xfire-logo-down.gif</Bitmap>
			
			
			
			<!--
			//////////////////////////////////////////////
			// Common
			//////////////////////////////////////////////
			-->
			<Bitmap Name="black">Images/Common/black.gif</Bitmap>
			
			<!--[BEGIN] Content Container -->
			<Bitmap Name="content_container_top_left">Images/Common/content-container-top-left.gif</Bitmap>
			<Bitmap Name="content_container_top_middle">Images/Common/content-container-top-middle.gif</Bitmap>
			<Bitmap Name="content_container_top_right">Images/Common/content-container-top-right.gif</Bitmap>
			<Bitmap Name="content_container_leftside_middle">Images/Common/content-container-leftside-middle.gif</Bitmap>
			<Bitmap Name="content_container_background">Images/Common/content-container-background.gif</Bitmap>
			<Bitmap Name="content_container_rightside_middle">Images/Common/content-container-rightside-middle.gif</Bitmap>
			<Bitmap Name="content_container_bottom_left">Images/Common/content-container-bottom-left.gif</Bitmap>
			<Bitmap Name="content_container_bottom_middle">Images/Common/content-container-bottom-middle.gif</Bitmap>
			<Bitmap Name="content_container_bottom_right">Images/Common/content-container-bottom-right.gif</Bitmap>
			<!--[END] Content Container -->
			
			<!--[BEGIN] Header -->
			<Bitmap Name="header_arrow_down">Images/Common/header-arrow-down.gif</Bitmap>
			<Bitmap Name="header_arrow_up">Images/Common/header-arrow-up.gif</Bitmap>
			<Bitmap Name="header_left">Images/Common/header-left.gif</Bitmap>
			<Bitmap Name="header_middle">Images/Common/header-middle.gif</Bitmap>
			<Bitmap Name="header_right">Images/Common/header-right.gif</Bitmap>
			<!--[END] Header -->
			
			<!--[BEGIN] Menus -->
			<Bitmap Name="menu_help_norm">Images/Common/menu-help-norm.gif</Bitmap>
			<Bitmap Name="menu_tools_norm">Images/Common/menu-tools-norm.gif</Bitmap>
			<Bitmap Name="menu_xfire_norm">Images/Common/menu-xfire-norm.gif</Bitmap>
			
			<Bitmap Name="menu_help_hover">Images/Common/menu-help-hover.gif</Bitmap>
			<Bitmap Name="menu_tools_hover">Images/Common/menu-tools-hover.gif</Bitmap>
			<Bitmap Name="menu_xfire_hover">Images/Common/menu-xfire-hover.gif</Bitmap>
			
			<Bitmap Name="menu_help_down">Images/Common/menu-help-down.gif</Bitmap>
			<Bitmap Name="menu_tools_down">Images/Common/menu-tools-down.gif</Bitmap>
			<Bitmap Name="menu_xfire_down">Images/Common/menu-xfire-down.gif</Bitmap>
			
			<Bitmap Name="menu_background">Images/Common/menu-background.gif</Bitmap>
			<!--[END] Menus -->
			
			<Bitmap Name="tab_button_bar_left">Images/Common/tab-button-bar-left.gif</Bitmap>
			<Bitmap Name="tab_button_bar_middle">Images/Common/tab-button-bar-middle.gif</Bitmap>
			<Bitmap Name="tab_button_bar_right">Images/Common/tab-button-bar-right.gif</Bitmap>
			
			<!--[BEGIN] Text Field -->
			<Bitmap Name="text_top_left">Images/Common/text-top-left.gif</Bitmap>
			<Bitmap Name="text_top_middle">Images/Common/text-top-middle.gif</Bitmap>
			<Bitmap Name="text_top_right">Images/Common/text-top-right.gif</Bitmap>
			<Bitmap Name="text_leftside_middle">Images/Common/text-leftside-middle.gif</Bitmap>
			<Bitmap Name="text_middle">Images/Common/text-background.gif</Bitmap>
			<Bitmap Name="text_rightside_middle">Images/Common/text-rightside-middle.gif</Bitmap>
			<Bitmap Name="text_bottom_left">Images/Common/text-bottom-left.gif</Bitmap>
			<Bitmap Name="text_bottom_middle">Images/Common/text-bottom-middle.gif</Bitmap>
			<Bitmap Name="text_bottom_right">Images/Common/text-bottom-right.gif</Bitmap>
			<!--[END] Text Field -->
			
			<Bitmap Name="transparent">Images/Common/transparent.gif</Bitmap>
			<Bitmap Name="white">Images/Common/white.gif</Bitmap>
			<Bitmap Name="xfire_list_backdrop">Images/Common/xfire-list-backdrop.gif</Bitmap>
			<Bitmap Name="xfire_list_background">Images/Common/xfire-list-background.gif</Bitmap>
			
			
			
			<!--
			//////////////////////////////////////////////
			// Misc
			//////////////////////////////////////////////
			-->
			<Bitmap Name="horizontal_separator">Images/Misc/horizontal-separator.gif</Bitmap>
			
			<!--[BEGIN] Status Bar -->
			<Bitmap Name="status_bar_left">Images/Misc/status-bar-left.gif</Bitmap>
			<Bitmap Name="status_bar_middle">Images/Misc/status-bar-middle.gif</Bitmap>
			<Bitmap Name="status_bar_right">Images/Misc/status-bar-right.gif</Bitmap>
			<!--[END] Status Bar -->
			
			<!--[BEGIN] Xfire Ad -->
			<Bitmap Name="xfiread_container_left">Images/Misc/xfiread-left.gif</Bitmap>
			<Bitmap Name="xfiread_container_middle">Images/Misc/xfiread-middle.gif</Bitmap>
			<Bitmap Name="xfiread_container_right">Images/Misc/xfiread-right.gif</Bitmap>
			<!--[END] Xfire Ad -->
			
			<Bitmap Name="vertical_separator">Images/Misc/vertical-separator.gif</Bitmap>
			
			
			
			<!--
			//////////////////////////////////////////////
			// Scrollbars
			//////////////////////////////////////////////
			-->
			<Bitmap Name="scrollbar_arrow_up_norm">Images/Scrollbars/Scroll Buttons/scrollbar-arrow-up-norm.gif</Bitmap>
			<Bitmap Name="scrollbar_arrow_up_hover">Images/Scrollbars/Scroll Buttons/scrollbar-arrow-up-hover.gif</Bitmap>
			<Bitmap Name="scrollbar_arrow_up_down">Images/Scrollbars/Scroll Buttons/scrollbar-arrow-up-down.gif</Bitmap>
			<Bitmap Name="scrollbar_arrow_up_disabled">Images/Scrollbars/Scroll Buttons/scrollbar-arrow-up-disabled.gif</Bitmap>
			
			<Bitmap Name="scrollbar_arrow_down_norm">Images/Scrollbars/Scroll Buttons/scrollbar-arrow-down-norm.gif</Bitmap>
			<Bitmap Name="scrollbar_arrow_down_hover">Images/Scrollbars/Scroll Buttons/scrollbar-arrow-down-hover.gif</Bitmap>
			<Bitmap Name="scrollbar_arrow_down_down">Images/Scrollbars/Scroll Buttons/scrollbar-arrow-down-down.gif</Bitmap>
			<Bitmap Name="scrollbar_arrow_down_disabled">Images/Scrollbars/Scroll Buttons/scrollbar-arrow-down-disabled.gif</Bitmap>
			
			<Bitmap Name="scrollbar_arrow_left_norm">Images/Scrollbars/Scroll Buttons/scrollbar-arrow-left-norm.gif</Bitmap>
			<Bitmap Name="scrollbar_arrow_left_hover">Images/Scrollbars/Scroll Buttons/scrollbar-arrow-left-hover.gif</Bitmap>
			<Bitmap Name="scrollbar_arrow_left_down">Images/Scrollbars/Scroll Buttons/scrollbar-arrow-left-down.gif</Bitmap>
			<Bitmap Name="scrollbar_arrow_left_disabled">Images/Scrollbars/Scroll Buttons/scrollbar-arrow-left-disabled.gif</Bitmap>
			
			<Bitmap Name="scrollbar_arrow_right_norm">Images/Scrollbars/Scroll Buttons/scrollbar-arrow-right-norm.gif</Bitmap>
			<Bitmap Name="scrollbar_arrow_right_hover">Images/Scrollbars/Scroll Buttons/scrollbar-arrow-right-hover.gif</Bitmap>
			<Bitmap Name="scrollbar_arrow_right_down">Images/Scrollbars/Scroll Buttons/scrollbar-arrow-right-down.gif</Bitmap>
			<Bitmap Name="scrollbar_arrow_right_disabled">Images/Scrollbars/Scroll Buttons/scrollbar-arrow-right-disabled.gif</Bitmap>
			
			<Bitmap Name="scrollbar_vert_gripper_top_norm">Images/Scrollbars/Grippers/scrollbar-vert-gripper-top-norm.gif</Bitmap>
			<Bitmap Name="scrollbar_vert_gripper_middle_norm">Images/Scrollbars/Grippers/scrollbar-vert-gripper-middle-norm.gif</Bitmap>
			<Bitmap Name="scrollbar_vert_gripper_bottom_norm">Images/Scrollbars/Grippers/scrollbar-vert-gripper-bottom-norm.gif</Bitmap>
			
			<Bitmap Name="scrollbar_vert_gripper_top_hover">Images/Scrollbars/Grippers/scrollbar-vert-gripper-top-hover.gif</Bitmap>
			<Bitmap Name="scrollbar_vert_gripper_middle_hover">Images/Scrollbars/Grippers/scrollbar-vert-gripper-middle-hover.gif</Bitmap>
			<Bitmap Name="scrollbar_vert_gripper_bottom_hover">Images/Scrollbars/Grippers/scrollbar-vert-gripper-bottom-hover.gif</Bitmap>
			
			<Bitmap Name="scrollbar_vert_gripper_top_down">Images/Scrollbars/Grippers/scrollbar-vert-gripper-top-down.gif</Bitmap>
			<Bitmap Name="scrollbar_vert_gripper_middle_down">Images/Scrollbars/Grippers/scrollbar-vert-gripper-middle-down.gif</Bitmap>
			<Bitmap Name="scrollbar_vert_gripper_bottom_down">Images/Scrollbars/Grippers/scrollbar-vert-gripper-bottom-down.gif</Bitmap>
			
			<Bitmap Name="scrollbar_horz_gripper_left_norm">Images/Scrollbars/Grippers/scrollbar-horz-gripper-left-norm.gif</Bitmap>
			<Bitmap Name="scrollbar_horz_gripper_middle_norm">Images/Scrollbars/Grippers/scrollbar-horz-gripper-middle-norm.gif</Bitmap>
			<Bitmap Name="scrollbar_horz_gripper_right_norm">Images/Scrollbars/Grippers/scrollbar-horz-gripper-right-norm.gif</Bitmap>
			
			<Bitmap Name="scrollbar_horz_gripper_left_hover">Images/Scrollbars/Grippers/scrollbar-horz-gripper-left-hover.gif</Bitmap>
			<Bitmap Name="scrollbar_horz_gripper_middle_hover">Images/Scrollbars/Grippers/scrollbar-horz-gripper-middle-hover.gif</Bitmap>
			<Bitmap Name="scrollbar_horz_gripper_right_hover">Images/Scrollbars/Grippers/scrollbar-horz-gripper-right-hover.gif</Bitmap>
			
			<Bitmap Name="scrollbar_horz_gripper_left_down">Images/Scrollbars/Grippers/scrollbar-horz-gripper-left-down.gif</Bitmap>
			<Bitmap Name="scrollbar_horz_gripper_middle_down">Images/Scrollbars/Grippers/scrollbar-horz-gripper-middle-down.gif</Bitmap>
			<Bitmap Name="scrollbar_horz_gripper_right_down">Images/Scrollbars/Grippers/scrollbar-horz-gripper-right-down.gif</Bitmap>
			
			<Bitmap Name="scrollbar_horz_gutter_left">Images/Scrollbars/Gutters/scrollbar-horz-gutter-left.gif</Bitmap>
			<Bitmap Name="scrollbar_horz_gutter_middle">Images/Scrollbars/Gutters/scrollbar-horz-gutter-middle.gif</Bitmap>
			<Bitmap Name="scrollbar_horz_gutter_right">Images/Scrollbars/Gutters/scrollbar-horz-gutter-right.gif</Bitmap>
			
			<Bitmap Name="scrollbar_vert_gutter_top">Images/Scrollbars/Gutters/scrollbar-vert-gutter-top.gif</Bitmap>
			<Bitmap Name="scrollbar_vert_gutter_middle">Images/Scrollbars/Gutters/scrollbar-vert-gutter-middle.gif</Bitmap>
			<Bitmap Name="scrollbar_vert_gutter_bottom">Images/Scrollbars/Gutters/scrollbar-vert-gutter-bottom.gif</Bitmap>
			
			<Bitmap Name="scrollbar_vert_gripper_grips">Images/Scrollbars/Grippers/scrollbar-vert-gripper-grips.gif</Bitmap>
			<Bitmap Name="scrollbar_horz_gripper_grips">Images/Scrollbars/Grippers/scrollbar-horz-gripper-grips.gif</Bitmap>
			
			<Bitmap Name="scrollbar_corner">Images/Scrollbars/scrollbar-corner.gif</Bitmap>
			
			
			
			<!--
			//////////////////////////////////////////////
			// Icons
			//////////////////////////////////////////////
			-->
			<Bitmap Name="icon_alert_1">Images/Icons/icon-alert-1.gif</Bitmap>
			<Bitmap Name="icon_alert_2">Images/Icons/icon-alert-2.gif</Bitmap>
			<Bitmap Name="icon_alert_3">Images/Icons/icon-alert-3.gif</Bitmap>
			<Bitmap Name="icon_alert_4">Images/Icons/icon-alert-4.gif</Bitmap>
			<Bitmap Name="icon_alert_5">Images/Icons/icon-alert-5.gif</Bitmap>
			<Bitmap Name="icon_alert_6">Images/Icons/icon-alert-6.gif</Bitmap>
			<Bitmap Name="icon_alert_7">Images/Icons/icon-alert-7.gif</Bitmap>
			<Bitmap Name="icon_alert_8">Images/Icons/icon-alert-8.gif</Bitmap>
			<Bitmap Name="icon_alert_9">Images/Icons/icon-alert-9.gif</Bitmap>
			<Bitmap Name="icon_alert_9+">Images/Icons/icon-alert-9+.gif</Bitmap>
			<Bitmap Name="icon_chat">Images/Icons/icon-chat.gif</Bitmap>
			<Bitmap Name="icon_group_chat">Images/Icons/icon-groupchat.gif</Bitmap>
			<Bitmap Name="icon_mic_gray">Images/Icons/icon-mic-gray.gif</Bitmap>
			<Bitmap Name="icon_mic_red">Images/Icons/icon-mic-red.gif</Bitmap>
			<Bitmap Name="icon_server_gray">Images/Icons/icon-server-gray.gif</Bitmap>
			<Bitmap Name="icon_server_unmuted">Images/Icons/icon-server-unmuted.gif</Bitmap>
			<Bitmap Name="icon_server_red">Images/Icons/icon-server-red.gif</Bitmap>
			<Bitmap Name="icon_speaker_gray">Images/Icons/icon-speaker-gray.gif</Bitmap>
			<Bitmap Name="icon_speaker_unmuted">Images/Icons/icon-speaker-unmuted.gif</Bitmap>
			<Bitmap Name="icon_speaker_red">Images/Icons/icon-speaker-red.gif</Bitmap>
			<Bitmap Name="icon_speaker_muted">Images/Icons/icon-speaker-muted.gif</Bitmap>
			<Bitmap Name="icon_speaker_silent">Images/Icons/icon-speaker-not-talking.gif</Bitmap>
			<Bitmap Name="icon_speaker_silent_muted">Images/Icons/icon-speaker-not-talking-muted.gif</Bitmap>
			<Bitmap Name="icon_voice_server">Images/Icons/icon-voice-server-host.gif</Bitmap>
			
			
			
			<!--
			//////////////////////////////////////////////
			// Buttons
			//////////////////////////////////////////////
			-->
			<!-- Common -->
			<Bitmap Name="button_ok_norm">Images/Buttons/ok-norm.gif</Bitmap>
			<Bitmap Name="button_ok_hover">Images/Buttons/ok-hover.gif</Bitmap>
			<Bitmap Name="button_ok_down">Images/Buttons/ok-down.gif</Bitmap>
			<Bitmap Name="button_ok_disabled">Images/Buttons/ok-disabled.gif</Bitmap>
			
			<Bitmap Name="button_cancel_norm">Images/Buttons/cancel-norm.gif</Bitmap>
			<Bitmap Name="button_cancel_hover">Images/Buttons/cancel-hover.gif</Bitmap>
			<Bitmap Name="button_cancel_down">Images/Buttons/cancel-down.gif</Bitmap>
			<Bitmap Name="button_cancel_disabled">Images/Buttons/cancel-disabled.gif</Bitmap>
			
			<Bitmap Name="button_checkbox_unchecked">Images/Buttons/checkbox-unchecked.gif</Bitmap>
			<Bitmap Name="button_checkbox_checked">Images/Buttons/checkbox-checked.gif</Bitmap>
			<Bitmap Name="button_checkbox_disabled">Images/Buttons/checkbox-disabled.gif</Bitmap>
			
			<Bitmap Name="button_close_norm">Images/Buttons/close-norm.gif</Bitmap>
			<Bitmap Name="button_close_hover">Images/Buttons/close-hover.gif</Bitmap>
			<Bitmap Name="button_close_down">Images/Buttons/close-down.gif</Bitmap>
			<Bitmap Name="button_close_disabled">Images/Buttons/close-disabled.gif</Bitmap>
			
			<Bitmap Name="button_maximize_norm">Images/Buttons/maximize-norm.gif</Bitmap>
			<Bitmap Name="button_maximize_hover">Images/Buttons/maximize-hover.gif</Bitmap>
			<Bitmap Name="button_maximize_down">Images/Buttons/maximize-down.gif</Bitmap>
			<Bitmap Name="button_maximize_disabled">Images/Buttons/maximize-disabled.gif</Bitmap>
			
			<Bitmap Name="button_minimize_norm">Images/Buttons/minimize-norm.gif</Bitmap>
			<Bitmap Name="button_minimize_hover">Images/Buttons/minimize-hover.gif</Bitmap>
			<Bitmap Name="button_minimize_down">Images/Buttons/minimize-down.gif</Bitmap>
			<Bitmap Name="button_minimize_disabled">Images/Buttons/minimize-disabled.gif</Bitmap>
			
			
			<!-- Info view buttons -->
			<Bitmap Name="button_info_out_norm">Images/Buttons/infoview-out-norm.gif</Bitmap>
			<Bitmap Name="button_info_out_hover">Images/Buttons/infoview-out-hover.gif</Bitmap>
			<Bitmap Name="button_info_out_down">Images/Buttons/infoview-out-down.gif</Bitmap>
			<Bitmap Name="button_info_in_norm">Images/Buttons/infoview-in-norm.gif</Bitmap>
			<Bitmap Name="button_info_in_hover">Images/Buttons/infoview-in-hover.gif</Bitmap>
			<Bitmap Name="button_info_in_down">Images/Buttons/infoview-in-down.gif</Bitmap>
			
			
			<!-- Friends Tab Buttons -->
			<Bitmap Name="button_friends_tab_norm">Images/Buttons/tab-friends-norm.gif</Bitmap>
			<Bitmap Name="button_friends_tab_hover">Images/Buttons/tab-friends-hover.gif</Bitmap>
			<Bitmap Name="button_friends_tab_down">Images/Buttons/tab-friends-down.gif</Bitmap>
			<Bitmap Name="button_friend_add_norm">Images/Buttons/friends-add-norm.gif</Bitmap>
			<Bitmap Name="button_friend_add_hover">Images/Buttons/friends-add-hover.gif</Bitmap>
			<Bitmap Name="button_friend_add_down">Images/Buttons/friends-add-down.gif</Bitmap>
			<Bitmap Name="button_friend_add_disabled">Images/Buttons/friends-add-disabled.gif</Bitmap>
			<Bitmap Name="button_friend_chat_norm">Images/Buttons/friends-chat-norm.gif</Bitmap>
			<Bitmap Name="button_friend_chat_hover">Images/Buttons/friends-chat-hover.gif</Bitmap>
			<Bitmap Name="button_friend_chat_down">Images/Buttons/friends-chat-down.gif</Bitmap>
			<Bitmap Name="button_friend_chat_disabled">Images/Buttons/friends-chat-disabled.gif</Bitmap>
			<Bitmap Name="button_friend_info_norm">Images/Buttons/friends-info-norm.gif</Bitmap>
			<Bitmap Name="button_friend_info_hover">Images/Buttons/friends-info-hover.gif</Bitmap>
			<Bitmap Name="button_friend_info_down">Images/Buttons/friends-info-down.gif</Bitmap>
			<Bitmap Name="button_friend_info_disabled">Images/Buttons/friends-info-disabled.gif</Bitmap>
			<Bitmap Name="button_join_game_norm">Images/Buttons/friends-joingame-norm.gif</Bitmap>
			<Bitmap Name="button_join_game_hover">Images/Buttons/friends-joingame-hover.gif</Bitmap>
			<Bitmap Name="button_join_game_down">Images/Buttons/friends-joingame-down.gif</Bitmap>
			<Bitmap Name="button_join_game_disabled">Images/Buttons/friends-joingame-disabled.gif</Bitmap>

			
			<!-- Chat Rooms Tab Buttons -->
			<Bitmap Name="button_chatrooms_tab_norm">Images/Buttons/tab-chatrooms-norm.gif</Bitmap>
			<Bitmap Name="button_chatrooms_tab_hover">Images/Buttons/tab-chatrooms-hover.gif</Bitmap>
			<Bitmap Name="button_chatrooms_tab_down">Images/Buttons/tab-chatrooms-down.gif</Bitmap>
			
			<Bitmap Name="button_chatroom_create_norm">Images/Buttons/chatrooms-create-norm.gif</Bitmap>
			<Bitmap Name="button_chatroom_create_hover">Images/Buttons/chatrooms-create-hover.gif</Bitmap>
			<Bitmap Name="button_chatroom_create_down">Images/Buttons/chatrooms-create-down.gif</Bitmap>
			<Bitmap Name="button_chatroom_create_disabled">Images/Buttons/chatrooms-create-disabled.gif</Bitmap>
			
			<Bitmap Name="button_chatroom_enter_norm">Images/Buttons/chatrooms-enter-norm.gif</Bitmap>
			<Bitmap Name="button_chatroom_enter_hover">Images/Buttons/chatrooms-enter-hover.gif</Bitmap>
			<Bitmap Name="button_chatroom_enter_down">Images/Buttons/chatrooms-enter-down.gif</Bitmap>
			<Bitmap Name="button_chatroom_enter_disabled">Images/Buttons/chatrooms-enter-disabled.gif</Bitmap>
			
			<Bitmap Name="button_chatroom_invite_norm">Images/Buttons/chatrooms-invite-norm.gif</Bitmap>
			<Bitmap Name="button_chatroom_invite_hover">Images/Buttons/chatrooms-invite-hover.gif</Bitmap>
			<Bitmap Name="button_chatroom_invite_down">Images/Buttons/chatrooms-invite-down.gif</Bitmap>
			<Bitmap Name="button_chatroom_invite_disabled">Images/Buttons/chatrooms-invite-disabled.gif</Bitmap>
			
			
			<!-- Servers Tab Buttons -->
			<Bitmap Name="button_servers_tab_norm">Images/Buttons/tab-servers-norm.gif</Bitmap>
			<Bitmap Name="button_servers_tab_hover">Images/Buttons/tab-servers-hover.gif</Bitmap>
			<Bitmap Name="button_servers_tab_down">Images/Buttons/tab-servers-down.gif</Bitmap>
			<Bitmap Name="button_server_favorite_norm">Images/Buttons/servers-favorite-norm.gif</Bitmap>
			<Bitmap Name="button_server_favorite_hover">Images/Buttons/servers-favorite-hover.gif</Bitmap>
			<Bitmap Name="button_server_favorite_down">Images/Buttons/servers-favorite-down.gif</Bitmap>
			<Bitmap Name="button_server_favorite_disabled">Images/Buttons/servers-favorite-disabled.gif</Bitmap>
			<Bitmap Name="button_server_refresh_norm">Images/Buttons/servers-refresh-norm.gif</Bitmap>
			<Bitmap Name="button_server_refresh_hover">Images/Buttons/servers-refresh-hover.gif</Bitmap>
			<Bitmap Name="button_server_refresh_down">Images/Buttons/servers-refresh-down.gif</Bitmap>
			<Bitmap Name="button_server_refresh_disabled">Images/Buttons/servers-refresh-disabled.gif</Bitmap>
			
			
			<!-- Files, Pictures, Videos Tab & Shared Buttons -->
			<Bitmap Name="button_files_tab_norm">Images/Buttons/tab-files-norm.gif</Bitmap>
			<Bitmap Name="button_files_tab_hover">Images/Buttons/tab-files-hover.gif</Bitmap>
			<Bitmap Name="button_files_tab_down">Images/Buttons/tab-files-down.gif</Bitmap>
			
			<Bitmap Name="button_pictures_tab_norm">Images/Buttons/tab-pictures-norm.gif</Bitmap>
			<Bitmap Name="button_pictures_tab_hover">Images/Buttons/tab-pictures-hover.gif</Bitmap>
			<Bitmap Name="button_pictures_tab_down">Images/Buttons/tab-pictures-down.gif</Bitmap>
			
			<Bitmap Name="button_notifications_tab_norm">Images/Buttons/tab-notifications-norm.gif</Bitmap>
			<Bitmap Name="button_notifications_tab_hover">Images/Buttons/tab-notifications-hover.gif</Bitmap>
			<Bitmap Name="button_notifications_tab_down">Images/Buttons/tab-notifications-down.gif</Bitmap>
			
			<Bitmap Name="button_videos_tab_norm">Images/Buttons/tab-videos-norm.gif</Bitmap>
			<Bitmap Name="button_videos_tab_hover">Images/Buttons/tab-videos-hover.gif</Bitmap>
			<Bitmap Name="button_videos_tab_down">Images/Buttons/tab-videos-down.gif</Bitmap>
			
			<Bitmap Name="button_delete_norm">Images/Buttons/files-delete-norm.gif</Bitmap>
			<Bitmap Name="button_delete_hover">Images/Buttons/files-delete-hover.gif</Bitmap>
			<Bitmap Name="button_delete_down">Images/Buttons/files-delete-down.gif</Bitmap>
			<Bitmap Name="button_delete_disabled">Images/Buttons/files-delete-disabled.gif</Bitmap>
			
			<Bitmap Name="button_search_norm">Images/Buttons/files-search-norm.gif</Bitmap>
			<Bitmap Name="button_search_hover">Images/Buttons/files-search-hover.gif</Bitmap>
			<Bitmap Name="button_search_down">Images/Buttons/files-search-down.gif</Bitmap>
			<Bitmap Name="button_search_disabled">Images/Buttons/files-search-disabled.gif</Bitmap>
			
			<Bitmap Name="button_upload_norm">Images/Buttons/files-upload-norm.gif</Bitmap>
			<Bitmap Name="button_upload_hover">Images/Buttons/files-upload-hover.gif</Bitmap>
			<Bitmap Name="button_upload_down">Images/Buttons/files-upload-down.gif</Bitmap>
			<Bitmap Name="button_upload_disabled">Images/Buttons/files-upload-disabled.gif</Bitmap>
			
			<Bitmap Name="button_file_open_norm">Images/Buttons/files-open-norm.gif</Bitmap>
			<Bitmap Name="button_file_open_hover">Images/Buttons/files-open-hover.gif</Bitmap>
			<Bitmap Name="button_file_open_down">Images/Buttons/files-open-down.gif</Bitmap>
			<Bitmap Name="button_file_open_disabled">Images/Buttons/files-open-disabled.gif</Bitmap>
			
			<Bitmap Name="button_status_norm">Images/Buttons/status-arrow-norm.gif</Bitmap>
			<Bitmap Name="button_status_hover">Images/Buttons/status-arrow-hover.gif</Bitmap>
			<Bitmap Name="button_status_down">Images/Buttons/status-arrow-down.gif</Bitmap>
			
			<Bitmap Name="menu_hover">Images/Buttons/menu-hover.gif</Bitmap>
			
			
			<!-- Chat Window -->
			<Bitmap Name="button_send_norm">Images/Buttons/chat-send-norm.gif</Bitmap>
			<Bitmap Name="button_send_hover">Images/Buttons/chat-send-hover.gif</Bitmap>
			<Bitmap Name="button_send_down">Images/Buttons/chat-send-down.gif</Bitmap>
			<Bitmap Name="button_send_disabled">Images/Buttons/chat-send-disabled.gif</Bitmap>
			
			<Bitmap Name="button_join_norm">Images/Buttons/chat-join-norm.gif</Bitmap>
			<Bitmap Name="button_join_hover">Images/Buttons/chat-join-hover.gif</Bitmap>
			<Bitmap Name="button_join_down">Images/Buttons/chat-join-down.gif</Bitmap>
			<Bitmap Name="button_join_disabled">Images/Buttons/chat-join-disabled.gif</Bitmap>
			
			<Bitmap Name="button_call_norm">Images/Buttons/chat-call-norm.gif</Bitmap>
			<Bitmap Name="button_call_hover">Images/Buttons/chat-call-hover.gif</Bitmap>
			<Bitmap Name="button_call_down">Images/Buttons/chat-call-down.gif</Bitmap>
			<Bitmap Name="button_call_disabled">Images/Buttons/chat-call-disabled.gif</Bitmap>
			<Bitmap Name="button_call_ringing">Images/Buttons/chat-call-ringing.gif</Bitmap>
			<Bitmap Name="button_call_connected_norm">Images/Buttons/chat-callconnected-norm.gif</Bitmap>
			<Bitmap Name="button_call_connected_hover">Images/Buttons/chat-callconnected-hover.gif</Bitmap>
			<Bitmap Name="button_call_connected_down">Images/Buttons/chat-callconnected-down.gif</Bitmap>
			<Bitmap Name="button_call_cancel_norm">Images/Buttons/chat-callcancel-hover.gif</Bitmap>
			<Bitmap Name="button_call_cancel_hover">Images/Buttons/chat-callcancel-hover.gif</Bitmap>
			<Bitmap Name="button_call_cancel_down">Images/Buttons/chat-callcancel-down.gif</Bitmap>
			
			<Bitmap Name="button_mute_mic_norm">Images/Buttons/chat-mutemic-norm.gif</Bitmap>
			<Bitmap Name="button_mute_mic_hover">Images/Buttons/chat-mutemic-hover.gif</Bitmap>
			<Bitmap Name="button_mute_mic_down">Images/Buttons/chat-mutemic-down.gif</Bitmap>
			<Bitmap Name="button_mute_mic_disabled">Images/Buttons/chat-mutemic-disabled.gif</Bitmap>
			<Bitmap Name="button_mute_mic_on">Images/Buttons/chat-mutemic-on.gif</Bitmap>
			
			<Bitmap Name="button_unmute_mic_norm">Images/Buttons/chat-unmutemic-norm.gif</Bitmap>
			<Bitmap Name="button_unmute_mic_hover">Images/Buttons/chat-unmutemic-hover.gif</Bitmap>
			<Bitmap Name="button_unmute_mic_down">Images/Buttons/chat-unmutemic-down.gif</Bitmap>
			
			
			<!-- XIG Web -->
			<Bitmap Name="button_xig_web_back_norm">Images/Buttons/xig-web-back-norm.gif</Bitmap>
			<Bitmap Name="button_xig_web_back_hover">Images/Buttons/xig-web-back-hover.gif</Bitmap>
			<Bitmap Name="button_xig_web_back_down">Images/Buttons/xig-web-back-down.gif</Bitmap>
			<Bitmap Name="button_xig_web_back_disabled">Images/Buttons/xig-web-back-disabled.gif</Bitmap>
			
			<Bitmap Name="button_xig_web_forward_norm">Images/Buttons/xig-web-forward-norm.gif</Bitmap>
			<Bitmap Name="button_xig_web_forward_hover">Images/Buttons/xig-web-forward-hover.gif</Bitmap>
			<Bitmap Name="button_xig_web_forward_down">Images/Buttons/xig-web-forward-down.gif</Bitmap>
			<Bitmap Name="button_xig_web_forward_disabled">Images/Buttons/xig-web-forward-disabled.gif</Bitmap>
			
			<Bitmap Name="button_xig_refresh_norm">Images/Buttons/xig-web-refresh-norm.gif</Bitmap>
			<Bitmap Name="button_xig_refresh_hover">Images/Buttons/xig-web-refresh-hover.gif</Bitmap>
			<Bitmap Name="button_xig_refresh_down">Images/Buttons/xig-web-refresh-down.gif</Bitmap>
			<Bitmap Name="button_xig_refresh_disabled">Images/Buttons/xig-web-refresh-disabled.gif</Bitmap>
			
			<Bitmap Name="button_xig_web_home_norm">Images/Buttons/xig-web-home-norm.gif</Bitmap>
			<Bitmap Name="button_xig_web_home_hover">Images/Buttons/xig-web-home-hover.gif</Bitmap>
			<Bitmap Name="button_xig_web_home_down">Images/Buttons/xig-web-home-down.gif</Bitmap>
			<Bitmap Name="button_xig_web_home_disabled">Images/Buttons/xig-web-home-disabled.gif</Bitmap>
			
			<Bitmap Name="button_xig_web_add_tab_norm">Images/Buttons/xig-web-add-tab-norm.gif</Bitmap>
			<Bitmap Name="button_xig_web_add_tab_hover">Images/Buttons/xig-web-add-tab-hover.gif</Bitmap>
			<Bitmap Name="button_xig_web_add_tab_down">Images/Buttons/xig-web-add-tab-down.gif</Bitmap>
			
			<Bitmap Name="button_xig_web_close_tab_norm">Images/Buttons/xig-web-close-tab-norm.gif</Bitmap>
			<Bitmap Name="button_xig_web_close_tab_hover">Images/Buttons/xig-web-close-tab-hover.gif</Bitmap>
			<Bitmap Name="button_xig_web_close_tab_down">Images/Buttons/xig-web-close-tab-down.gif</Bitmap>
			
			<Bitmap Name="button_xig_web_next_tab_norm">Images/Buttons/xig-web-next-tab-norm.gif</Bitmap>
			<Bitmap Name="button_xig_web_next_tab_hover">Images/Buttons/xig-web-next-tab-hover.gif</Bitmap>
			<Bitmap Name="button_xig_web_next_tab_down">Images/Buttons/xig-web-next-tab-down.gif</Bitmap>
			<Bitmap Name="button_xig_web_next_tab_disabled">Images/Buttons/xig-web-next-tab-disabled.gif</Bitmap>
			
			<Bitmap Name="button_xig_web_previous_tab_norm">Images/Buttons/xig-web-previous-tab-norm.gif</Bitmap>
			<Bitmap Name="button_xig_web_previous_tab_hover">Images/Buttons/xig-web-previous-tab-hover.gif</Bitmap>
			<Bitmap Name="button_xig_web_previous_tab_down">Images/Buttons/xig-web-previous-tab-down.gif</Bitmap>
			<Bitmap Name="button_xig_web_previous_tab_disabled">Images/Buttons/xig-web-previous-tab-disabled.gif</Bitmap>
			
			
			<!-- XIG Bar -->
			<Bitmap Name="button_xigbar_broadcast_norm">Images/Buttons/xig-bar-broadcast-norm.gif</Bitmap>
			<Bitmap Name="button_xigbar_broadcast_hover">Images/Buttons/xig-bar-broadcast-hover.gif</Bitmap>
			<Bitmap Name="button_xigbar_broadcast_down">Images/Buttons/xig-bar-broadcast-down.gif</Bitmap>
			
			<Bitmap Name="button_xigbar_call_norm">Images/Buttons/xig-bar-call-norm.gif</Bitmap>
			<Bitmap Name="button_xigbar_call_hover">Images/Buttons/xig-bar-call-hover.gif</Bitmap>
			<Bitmap Name="button_xigbar_call_down">Images/Buttons/xig-bar-call-down.gif</Bitmap>
			<Bitmap Name="button_xigbar_call_disabled">Images/Buttons/xig-bar-call-disabled.gif</Bitmap>
			<Bitmap Name="button_xigbar_call_connected">Images/Buttons/xig-bar-call-connected.gif</Bitmap>
			
			<Bitmap Name="button_xigbar_call_cancel_norm">Images/Buttons/xig-bar-call-cancel-norm.gif</Bitmap>
			<Bitmap Name="button_xigbar_call_cancel_hover">Images/Buttons/xig-bar-call-cancel-hover.gif</Bitmap>
			<Bitmap Name="button_xigbar_call_cancel_down">Images/Buttons/xig-bar-call-cancel-down.gif</Bitmap>
			
			<Bitmap Name="button_xigbar_chats_norm">Images/Buttons/xig-bar-chats-norm.gif</Bitmap>
			<Bitmap Name="button_xigbar_chats_hover">Images/Buttons/xig-bar-chats-hover.gif</Bitmap>
			<Bitmap Name="button_xigbar_chats_down">Images/Buttons/xig-bar-chats-down.gif</Bitmap>
			
			<Bitmap Name="button_xigbar_edit_norm">Images/Buttons/xig-bar-edit-norm.gif</Bitmap>
			<Bitmap Name="button_xigbar_edit_hover">Images/Buttons/xig-bar-edit-hover.gif</Bitmap>
			<Bitmap Name="button_xigbar_edit_down">Images/Buttons/xig-bar-edit-down.gif</Bitmap>
			
			<Bitmap Name="button_xigbar_mic_talking">Images/Buttons/xig-bar-mutemic-talking.gif</Bitmap>
			<Bitmap Name="button_xigbar_unmute_norm">Images/Buttons/xig-bar-unmute-norm.gif</Bitmap>
			<Bitmap Name="button_xigbar_unmute_hover">Images/Buttons/xig-bar-unmute-hover.gif</Bitmap>
			<Bitmap Name="button_xigbar_unmute_down">Images/Buttons/xig-bar-unmute-down.gif</Bitmap>
			
			<Bitmap Name="button_xigbar_music_norm">Images/Buttons/xig-bar-music-norm.gif</Bitmap>
			<Bitmap Name="button_xigbar_music_hover">Images/Buttons/xig-bar-music-hover.gif</Bitmap>
			<Bitmap Name="button_xigbar_music_down">Images/Buttons/xig-bar-music-down.gif</Bitmap>
			
			<Bitmap Name="button_xigbar_mute_mic_norm">Images/Buttons/xig-bar-mutemic-norm.gif</Bitmap>
			<Bitmap Name="button_xigbar_mute_mic_hover">Images/Buttons/xig-bar-mutemic-hover.gif</Bitmap>
			<Bitmap Name="button_xigbar_mute_mic_down">Images/Buttons/xig-bar-mutemic-down.gif</Bitmap>
			<Bitmap Name="button_xigbar_mute_mic_disabled">Images/Buttons/xig-bar-mutemic-disabled.gif</Bitmap>
			
			<Bitmap Name="button_xigbar_pictures_norm">Images/Buttons/xig-bar-picture-norm.gif</Bitmap>
			<Bitmap Name="button_xigbar_pictures_hover">Images/Buttons/xig-bar-picture-hover.gif</Bitmap>
			<Bitmap Name="button_xigbar_pictures_down">Images/Buttons/xig-bar-picture-down.gif</Bitmap>
			
			<Bitmap Name="button_xigbar_video_norm">Images/Buttons/xig-bar-video-norm.gif</Bitmap>
			<Bitmap Name="button_xigbar_video_hover">Images/Buttons/xig-bar-video-hover.gif</Bitmap>
			<Bitmap Name="button_xigbar_video_down">Images/Buttons/xig-bar-video-down.gif</Bitmap>
			
			<Bitmap Name="button_xigbar_web_norm">Images/Buttons/xig-bar-web-norm.gif</Bitmap>
			<Bitmap Name="button_xigbar_web_hover">Images/Buttons/xig-bar-web-hover.gif</Bitmap>
			<Bitmap Name="button_xigbar_web_down">Images/Buttons/xig-bar-web-down.gif</Bitmap>
			
			<Bitmap Name="button_xigbar_xfire_norm">Images/Buttons/xig-bar-xfirelogo-norm.gif</Bitmap>
			<Bitmap Name="button_xigbar_xfire_hover">Images/Buttons/xig-bar-xfirelogo-hover.gif</Bitmap>
			
			
			<!-- XIG Edit Mode -->
			<!-- This contains Edit Mode & Edit Mode Options -->
			<Bitmap Name="button_xig_edit_mode_settings_small_small_down">Images/Buttons/xig-editmode-settings-small-norm.gif</Bitmap>
			<Bitmap Name="button_xig_edit_mode_settings_small_hover">Images/Buttons/xig-editmode-settings-small-hover.gif</Bitmap>
			<Bitmap Name="button_xig_edit_mode_settings_small_down">Images/Buttons/xig-editmode-settings-small-down.gif</Bitmap>
			
			<Bitmap Name="button_xig_edit_mode_settings_large_norm">Images/Buttons/xig-editmode-settings-large-norm.gif</Bitmap>
			<Bitmap Name="button_xig_edit_mode_settings_large_hover">Images/Buttons/xig-editmode-settings-large-hover.gif</Bitmap>
			<Bitmap Name="button_xig_edit_mode_settings_large_down">Images/Buttons/xig-editmode-settings-large-down.gif</Bitmap>
			
			<Bitmap Name="button_xig_edit_mode_opt_back_norm">Images/Buttons/xig-editmodeopt-back-norm.gif</Bitmap>
			<Bitmap Name="button_xig_edit_mode_opt_back_hover">Images/Buttons/xig-editmodeopt-back-hover.gif</Bitmap>
			<Bitmap Name="button_xig_edit_mode_opt_back_down">Images/Buttons/xig-editmodeopt-back-down.gif</Bitmap>
			
			<Bitmap Name="button_xig_edit_mode_gripper_bottom_right_norm">Images/XIG/Overlays/EditMode/xig-editmode-gripper-bottom-right-norm.gif</Bitmap>
			
			
			<!-- XIG Active Window -->
			<Bitmap Name="button_xig_chats_tab_norm">Images/Buttons/tab-chats-norm.gif</Bitmap>
			<Bitmap Name="button_xig_chats_tab_hover">Images/Buttons/tab-chats-hover.gif</Bitmap>
			<Bitmap Name="button_xig_chats_tab_down">Images/Buttons/tab-chats-down.gif</Bitmap>
			
			<Bitmap Name="button_xig_options_tab_norm">Images/Buttons/tab-options-norm.gif</Bitmap>
			<Bitmap Name="button_xig_options_tab_hover">Images/Buttons/tab-options-hover.gif</Bitmap>
			<Bitmap Name="button_xig_options_tab_down">Images/Buttons/tab-options-down.gif</Bitmap>
			
			<Bitmap Name="button_xig_help_tab_norm">Images/Buttons/tab-help-norm.gif</Bitmap>
			<Bitmap Name="button_xig_help_tab_hover">Images/Buttons/tab-help-hover.gif</Bitmap>
			<Bitmap Name="button_xig_help_tab_down">Images/Buttons/tab-help-down.gif</Bitmap>
			
			<Bitmap Name="button_xig_active_window_close_norm">Images/Buttons/close-norm.gif</Bitmap>
			<Bitmap Name="button_xig_active_window_close_hover">Images/Buttons/close-hover.gif</Bitmap>
			<Bitmap Name="button_xig_active_window_close_down">Images/Buttons/close-down.gif</Bitmap>
			<Bitmap Name="button_xig_active_window_close_disabled">Images/Buttons/close-disabled.gif</Bitmap>
			
			<Bitmap Name="button_xig_active_window_close_chat_norm">Images/Buttons/xig-active-window-close-chat-norm.gif</Bitmap>
			<Bitmap Name="button_xig_active_window_close_chat_hover">Images/Buttons/xig-active-window-close-chat-hover.gif</Bitmap>
			<Bitmap Name="button_xig_active_window_close_chat_down">Images/Buttons/xig-active-window-close-chat-down.gif</Bitmap>
			
			
			<!-- XIG Dialog -->
			<Bitmap Name="button_xig_dialog_cancel_norm">Images/Buttons/cancel-norm.gif</Bitmap>
			<Bitmap Name="button_xig_dialog_cancel_hover">Images/Buttons/cancel-hover.gif</Bitmap>
			<Bitmap Name="button_xig_dialog_cancel_down">Images/Buttons/cancel-down.gif</Bitmap>
			<Bitmap Name="button_xig_dialog_cancel_disabled">Images/Buttons/cancel-disabled.gif</Bitmap>
			
			<Bitmap Name="button_xig_dialog_close_norm">Images/Buttons/xig-system-dialog-close-norm.gif</Bitmap>
			<Bitmap Name="button_xig_dialog_close_hover">Images/Buttons/xig-system-dialog-close-hover.gif</Bitmap>
			<Bitmap Name="button_xig_dialog_close_down">Images/Buttons/xig-system-dialog-close-down.gif</Bitmap>
			<Bitmap Name="button_xig_dialog_close_disabled">Images/Buttons/xig-system-dialog-close-disabled.gif</Bitmap>
			
			<Bitmap Name="button_xig_dialog_ok_norm">Images/Buttons/ok-norm.gif</Bitmap>
			<Bitmap Name="button_xig_dialog_ok_hover">Images/Buttons/ok-hover.gif</Bitmap>
			<Bitmap Name="button_xig_dialog_ok_down">Images/Buttons/ok-down.gif</Bitmap>
			<Bitmap Name="button_xig_dialog_ok_disabled">Images/Buttons/ok-disabled.gif</Bitmap>
			
			
			<!-- XIG Overlays -->
			<Bitmap Name="button_xig_overlay_close_norm">Images/Buttons/xig-overlay-close-norm.gif</Bitmap>
			<Bitmap Name="button_xig_overlay_close_hover">Images/Buttons/xig-overlay-close-hover.gif</Bitmap>
			<Bitmap Name="button_xig_overlay_close_down">Images/Buttons/xig-overlay-close-down.gif</Bitmap>
			<Bitmap Name="button_xig_overlay_close_disabled">Images/Buttons/xig-overlay-close-disabled.gif</Bitmap>
			
			
			<!-- XIG Music Player -->
			<Bitmap Name="button_xig_music_play_norm">Images/Buttons/xig-music-player-play-norm.gif</Bitmap>
			<Bitmap Name="button_xig_music_play_hover">Images/Buttons/xig-music-player-play-hover.gif</Bitmap>
			<Bitmap Name="button_xig_music_play_down">Images/Buttons/xig-music-player-play-down.gif</Bitmap>
			
			<Bitmap Name="button_xig_music_pause_norm">Images/Buttons/xig-music-player-pause-norm.gif</Bitmap>
			<Bitmap Name="button_xig_music_pause_hover">Images/Buttons/xig-music-player-pause-hover.gif</Bitmap>
			<Bitmap Name="button_xig_music_pause_down">Images/Buttons/xig-music-player-pause-down.gif</Bitmap>
			
			<Bitmap Name="button_xig_music_previous_norm">Images/Buttons/xig-music-player-previous-norm.gif</Bitmap>
			<Bitmap Name="button_xig_music_previous_hover">Images/Buttons/xig-music-player-previous-hover.gif</Bitmap>
			<Bitmap Name="button_xig_music_previous_down">Images/Buttons/xig-music-player-previous-down.gif</Bitmap>
			
			<Bitmap Name="button_xig_music_next_norm">Images/Buttons/xig-music-player-next-norm.gif</Bitmap>
			<Bitmap Name="button_xig_music_next_hover">Images/Buttons/xig-music-player-next-hover.gif</Bitmap>
			<Bitmap Name="button_xig_music_next_down">Images/Buttons/xig-music-player-next-down.gif</Bitmap>
			
			<Bitmap Name="button_xig_music_mute_norm">Images/Buttons/xig-music-player-mute-norm.gif</Bitmap>
			
			
			
			<!--
			//////////////////////////////////////////////
			// XIG
			//////////////////////////////////////////////
			-->
			<!-- Used to color selected list items -->
			<Bitmap Name="xig_list_color_selected_background">Images/XIG/Common/xig-list-color-selected-background.gif</Bitmap>
			
			<!-- Opacity changers -->
			<Bitmap Name="xig_track_left">Images/XIG/Common/xig-track-left.gif</Bitmap>
			<Bitmap Name="xig_track_middle">Images/XIG/Common/xig-track-middle.gif</Bitmap>
			<Bitmap Name="xig_track_right">Images/XIG/Common/xig-track-right.gif</Bitmap>
			<Bitmap Name="xig_track_gripper">Images/XIG/Common/xig-track-gripper.gif</Bitmap>
			
			
			
			<!--
			//////////////////////////////////////////////
			// XIG - Overlays
			//////////////////////////////////////////////
			-->
			<!-- Live Stats -->
			<Bitmap Name="xig_overlay_outline_top_middle_left">Images/XIG/Overlays/Common/xig-overlay-outline-topleft.gif</Bitmap>
			<Bitmap Name="xig_overlay_outline_top_middle">Images/XIG/Overlays/Common/xig-overlay-outline-top.gif</Bitmap>
			<Bitmap Name="xig_overlay_outline_top_middle_right">Images/XIG/Overlays/Common/xig-overlay-outline-topright.gif</Bitmap>
			<Bitmap Name="xig_overlay_outline_left_middle">Images/XIG/Overlays/Common/xig-overlay-outline-left.gif</Bitmap>
			<Bitmap Name="xig_overlay_outline_right_middle">Images/XIG/Overlays/Common/xig-overlay-outline-right.gif</Bitmap>
			<Bitmap Name="xig_overlay_outline_bottom_left">Images/XIG/Overlays/Common/xig-overlay-outline-bottomleft.gif</Bitmap>
			<Bitmap Name="xig_overlay_outline_bottom_middle">Images/XIG/Overlays/Common//xig-overlay-outline-bottom.gif</Bitmap>
			<Bitmap Name="xig_overlay_outline_bottom_right">Images/XIG/Overlays/Common/xig-overlay-outline-bottomright.gif</Bitmap>
			
			<Bitmap Name="xig_overlay_top_left">Images/XIG/Overlays/LiveStats/xig-overlay-top-left.gif</Bitmap>
			<Bitmap Name="xig_overlay_top_middle">Images/XIG/Overlays/LiveStats/xig-overlay-top-middle.gif</Bitmap>
			<Bitmap Name="xig_overlay_top_right">Images/XIG/Overlays/LiveStats/xig-overlay-top-right.gif</Bitmap>
			<Bitmap Name="xig_overlay_leftside_middle">Images/XIG/Overlays/LiveStats/xig-overlay-leftside-middle.gif</Bitmap>
			<Bitmap Name="xig_overlay_window_filler">Images/XIG/Overlays/LiveStats/xig-overlay-window-filler.gif</Bitmap>
			<Bitmap Name="xig_overlay_rightside_middle">Images/XIG/Overlays/LiveStats/xig-overlay-rightside-middle.gif</Bitmap>
			<Bitmap Name="xig_overlay_bottom_left">Images/XIG/Overlays/LiveStats/xig-overlay-bottom-left.gif</Bitmap>
			<Bitmap Name="xig_overlay_bottom_middle">Images/XIG/Overlays/LiveStats/xig-overlay-bottom-middle.gif</Bitmap>
			<Bitmap Name="xig_overlay_bottom_right">Images/XIG/Overlays/LiveStats/xig-overlay-bottom-right.gif</Bitmap>
			
			<!-- Alert -->
			<Bitmap Name="xig_alert_top_left">Images/XIG/Alert/xigalert-top-left.gif</Bitmap>
			<Bitmap Name="xig_alert_top_middle">Images/XIG/Alert/xigalert-top-middle.gif</Bitmap>
			<Bitmap Name="xig_alert_top_right">Images/XIG/Alert/xigalert-top-right.gif</Bitmap>
			
			<Bitmap Name="xig_alert_leftside_middle">Images/XIG/Alert/xigalert-leftside-middle.gif</Bitmap>
			<Bitmap Name="xig_alert_rightside_middle">Images/XIG/Alert/xigalert-rightside-middle.gif</Bitmap>
			
			<Bitmap Name="xig_alert_bottom_left">Images/XIG/Alert/xigalert-bottom-left.gif</Bitmap>
			<Bitmap Name="xig_alert_bottom_middle">Images/XIG/Alert/xigalert-bottom-middle.gif</Bitmap>
			<Bitmap Name="xig_alert_bottom_right">Images/XIG/Alert/xigalert-bottom-right.gif</Bitmap>
			
			<!-- Bar -->
			<Bitmap Name="xigbar_logo">Images/XIG/Overlays/Bar/xig-bar-logo.gif</Bitmap>
			<Bitmap Name="xigbar_middle">Images/XIG/Overlays/Bar/xig-bar-middle.gif</Bitmap>
			<Bitmap Name="xigbar_vert_separator">Images/XIG/Overlays/Bar/xig-bar-vertbar.gif</Bitmap>
			
			<!-- Music Player -->
			<Bitmap Name="xig_music_volume_bar_on">Images/XIG/Overlays/MusicPlayer/xig-music-player-volume-on.gif</Bitmap>
			<Bitmap Name="xig_music_volume_bar_off">Images/XIG/Overlays/MusicPlayer/xig-music-player-volume-off.gif</Bitmap>
			
			<!-- Web -->
			<Bitmap Name="xig_web_navigation_background_left">Images/XIG/Overlays/Web/xig-web-navigation-background-left.gif</Bitmap>
			<Bitmap Name="xig_web_navigation_background_middle">Images/XIG/Overlays/Web/xig-web-navigation-background-middle.gif</Bitmap>
			<Bitmap Name="xig_web_navigation_background_right">Images/XIG/Overlays/Web/xig-web-navigation-background-right.gif</Bitmap>
			
			<Bitmap Name="xig_web_tab_left_norm">Images/XIG/Overlays/Web/xig-web-tab-left-norm.gif</Bitmap>
			<Bitmap Name="xig_web_tab_middle_norm">Images/XIG/Overlays/Web/xig-web-tab-middle-norm.gif</Bitmap>
			<Bitmap Name="xig_web_tab_right_norm">Images/XIG/Overlays/Web/xig-web-tab-right-norm.gif</Bitmap>
			
			<Bitmap Name="xig_web_tab_left_hover">Images/XIG/Overlays/Web/xig-web-tab-left-hover.gif</Bitmap>
			<Bitmap Name="xig_web_tab_middle_hover">Images/XIG/Overlays/Web/xig-web-tab-middle-hover.gif</Bitmap>
			<Bitmap Name="xig_web_tab_right_hover">Images/XIG/Overlays/Web/xig-web-tab-right-hover.gif</Bitmap>
			
			<Bitmap Name="xig_web_tab_left_down">Images/XIG/Overlays/Web/xig-web-tab-left-down.gif</Bitmap>
			<Bitmap Name="xig_web_tab_middle_down">Images/XIG/Overlays/Web/xig-web-tab-middle-down.gif</Bitmap>
			<Bitmap Name="xig_web_tab_right_down">Images/XIG/Overlays/Web/xig-web-tab-right-down.gif</Bitmap>
			
			<Bitmap Name="xig_web_tab_left_focused">Images/XIG/Overlays/Web/xig-web-tab-left-focused.gif</Bitmap>
			<Bitmap Name="xig_web_tab_middle_focused">Images/XIG/Overlays/Web/xig-web-tab-middle-focused.gif</Bitmap>
			<Bitmap Name="xig_web_tab_right_focused">Images/XIG/Overlays/Web/xig-web-tab-right-focused.gif</Bitmap>
			
			<Bitmap Name="xig_web_url_background_left">Images/XIG/Overlays/Web/xig-web-url-background-left.gif</Bitmap>
			<Bitmap Name="xig_web_url_background_middle">Images/XIG/Overlays/Web/xig-web-url-background-middle.gif</Bitmap>
			<Bitmap Name="xig_web_url_background_right">Images/XIG/Overlays/Web/xig-web-url-background-right.gif</Bitmap>
		</Bitmaps>
	</Theme>
</Themes>
