<?xml version="1.0" encoding="UTF-8"?>
<!DOCTYPE SystemDialog SYSTEM "CarbonFiber.dtd">

<SystemDialog>
	<Tile Name="AlertOptions" ResizeX="100" ResizeY="100" Features="AlertOptions" Component="XIGAlertOptions">
		<!--
		//////////////////////////////////////////////
		// Resize Grippers
		//////////////////////////////////////////////
		-->
		<Tile Name="ResizeGripperTL" Z="26" JustX="Left" JustY="Top" Component="XIGSystemDialogResizeGripperTL" />
		<Tile Name="ResizeGripperT" Z="25" JustY="Top" ResizeX="100" IndentRight="ResizeGripperTR.Width" IndentLeft="ResizeGripperTL.Width" Component="XIGSystemDialogResizeGripperTop" />
		<Tile Name="ResizeGripperTR" Z="26" JustX="Right" JustY="Top" Component="XIGSystemDialogResizeGripperTR" />
		<Tile Name="ResizeGripperL" Z="25" JustX="Left" JustY="Center" ResizeY="100" IndentTop="ResizeGripperTL.Height" IndentBottom="ResizeGripperBL.Height" Component="XIGSystemDialogResizeGripperL" />
		<Tile Name="ResizeGripperR" Z="25" JustX="Left" JustY="Center" ResizeY="100" IndentTop="ResizeGripperTR.Height" IndentBottom="ResizeGripperBR.Height" Component="XIGSystemDialogResizeGripperR" />
		<Tile Name="ResizeGripperBL" Z="26" JustX="Left" JustY="Bottom" Component="XIGSystemDialogResizeGripperBL" />
		<Tile Name="ResizeGripperBottom" Z="25" JustY="Bottom" ResizeX="100" IndentRight="ResizeGripperBR.Width" IndentLeft="ResizeGripperBL.Width"  Component="XIGSystemDialogResizeGripperBottom" />
		<Tile Name="ResizeGripperBR" X="2" Y="2" Z="26" JustX="Right" JustY="Bottom" Component="XIGSystemDialogResizeGripperBR" />
		
		
		
		<!--
		//////////////////////////////////////////////
		// Window Draggers
		//////////////////////////////////////////////
		-->
		<Tile Name="WindowDragger" Z="10" ResizeX="100" ResizeY="100" Component="XIGWindowDragger" />
		
		
		
		<!--
		//////////////////////////////////////////////
		// Window Frame
		//////////////////////////////////////////////
		-->
		<Tile Name="TopRow" Z="1" JustY="Top" ResizeX="100" Component="XIGSystemDialogTopRow" />
		<Tile Name="LeftSide" Z="1" ResizeY="100" IndentTop="TopRow.Height" IndentBottom="BottomRow.Height" Component="XIGSystemDialogLeftSide" />
		<Tile Name="Background" Z="1" ResizeX="100" ResizeY="100" IndentTop="TopRow.Height" IndentRight="RightSide.Width" IndentBottom="BottomRow.Height" IndentLeft="LeftSide.Width" Component="XIGSystemDialogBackground" />
		<Tile Name="RightSide" Z="1" JustX="Right" ResizeY="100" IndentTop="TopRow.Height" IndentBottom="BottomRow.Height" Component="XIGSystemDialogRightSide" />
		<Tile Name="BottomRow" Z="1" JustY="Bottom" ResizeX="100" Component="XIGSystemDialogBottomRow" />
		
		
		
		<!--
		//////////////////////////////////////////////
		// Content
		//////////////////////////////////////////////
		-->
		<Tile Name="Title" Y="8" Z="25" ResizeX="100" IndentRight="25" IndentLeft="10" Component="XIGAlertOptionsTitle" />
		<Tile Name="ButtonClose" X="8" Y="4" Z="25" JustX="Right" ControlId="2150" TabOrder="60" Component="XIGDialogButtonClose" />
		
		
		<!--[BEGIN] Content Container -->
		<Tile Name="ContentContainer" Y="29" Z="24" ResizeX="100" ResizeY="100" IndentRight="10" IndentBottom="32" IndentLeft="10" Component="ContentContainer">
			<!--[BEGIN] Duration -->
			<Tile Name="DurationText" X="9" Y="22" Z="25" Component="XIGAlertOptionsDurationText" />
			<Tile Name="DurationEditBG" X="DurationText.Left" Y="DurationText.Bottom+9" Z="25" ResizeX="30" Component="TextContainer">
				<Tile Name="DurationEdit" Z="26" ResizeX="100" ResizeY="100" IndentTop="2" IndentRight="2" IndentBottom="2" IndentLeft="2" Component="XIGAlertOptionsDurationEdit" />
			</Tile>
			<!--[END] Duration -->
			
			<!--[BEGIN] Permanent -->
			<Tile Name="PermanentCheckbox" X="10" Y="DurationEditBG.Bottom+17" Z="25" ControlId="1510" TabOrder="10" FocusedColor="XIGFocusedColor" Component="XIGAlertOptionsPermanentCheckBox" />
			<Tile Name="PermanentText" X="PermanentCheckbox.Right+6" Y="PermanentCheckbox.Top-1" Z="25" Component="XIGAlertOptionsPermanentText" />
			<!--[END] Permanent -->
			
			<!-- <Tile Name="ContentBackground" Z="2" ResizeX="100" ResizeY="100" IndentTop="2" IndentRight="2" IndentBottom="2" IndentLeft="2" Component="XfireListBackdrop" /> -->
		</Tile>
		<!--[END] Content Container -->
		
		
		
		<!--
		//////////////////////////////////////////////
		// Buttons
		//////////////////////////////////////////////
		-->
		<Tile Name="ConfirmationButtonBar" Y="ContentContainer.Bottom+3" Z="25" ResizeX="100" IndentLeft="10" IndentRight="10" Component="XIGDialogButtonContainer">
			<Tile Name="ButtonOk" Z="25" JustY="Center" ControlId="1200" TabOrder="1" Component="XIGDialogButtonOk" />
			<Tile Name="ButtonCancel" X="ButtonOk.Right+3" Z="25" JustY="Center" ControlId="1210" TabOrder="10" Component="XIGDialogButtonCancel" />
		</Tile>
	</Tile>
</SystemDialog>