<?xml version="1.0" encoding="UTF-8"?>
<!DOCTYPE Components SYSTEM "CarbonFiber.dtd">

<Components>
	<Component Name="ContentContainer" Class="Tile" Stretch="ToContent" Default="Activate">
		<Images State="Normal">
			<Image Type="TopLeft">content_container_top_left</Image>
			<Image Type="Top">content_container_top_middle</Image>
			<Image Type="TopRight">content_container_top_right</Image>
			<Image Type="Left">content_container_leftside_middle</Image>
			<Image Type="Middle">content_container_background</Image>
			<Image Type="Right">content_container_rightside_middle</Image>
			<Image Type="BottomLeft">content_container_bottom_left</Image>
			<Image Type="Bottom">content_container_bottom_middle</Image>
			<Image Type="BottomRight">content_container_bottom_right</Image>
		</Images>
	</Component>
	
	<Component Name="Header" Class="Tile" MinHeight="19" MaxHeight="19" Stretch="ToContent" Default="Activate">
		<Images State="Normal">
			<Image Type="TopLeft">header_left</Image>
			<Image Type="Top">header_middle</Image>
			<Image Type="TopRight">header_right</Image>
		</Images>
	</Component>
	
	<Component Name="HorizontalSeparator" Class="Tile" MinHeight="1" MaxHeight="1" Stretch="ToFit" Default="Activate">
		<Images State="Normal">
			<Image Type="Middle">horizontal_separator</Image>
		</Images>
	</Component>
	
	<Component Name="TextContainer" Class="Tile" MinWidth="24" MinHeight="18" Stretch="ToContent" Default="Activate">
		<Images State="Normal">
			<Image Type="TopLeft">text_top_left</Image>
			<Image Type="Top">text_top_middle</Image>
			<Image Type="TopRight">text_top_right</Image>
			<Image Type="Left">text_leftside_middle</Image>
			<Image Type="Middle">text_middle</Image>
			<Image Type="Right">text_rightside_middle</Image>
			<Image Type="BottomLeft">text_bottom_left</Image>
			<Image Type="Bottom">text_bottom_middle</Image>
			<Image Type="BottomRight">text_bottom_right</Image>
		</Images>
	</Component>
	
	<Component Name="VerticalSeparator" Class="Tile" MinWidth="1" MaxWidth="1" Stretch="ToFit" Default="Activate">
		<Images State="Normal">
			<Image Type="Middle">vertical_separator</Image>
		</Images>
	</Component>
	
	<Component Name="WhiteBackground" Class="Tile" Stretch="ToFit" Default="Activate" Events="Transparent">
		<Images State="Normal">
			<Image Type="Middle">white</Image>
		</Images>
	</Component>
	
	<!-- <Component Name="XfireListBackdrop" Class="Tile" MinWidth="225" MaxWidth="225" MinHeight="216" MaxHeight="216" Stretch="ToContent" Default="Activate">
		<Images State="Normal">
			<Image Type="TopLeft">xfire_list_backdrop</Image>
		</Images>
	</Component> -->
	
	<!-- <Component Name="XfireListBackground" Class="Tile" Stretch="ToFit" Default="Activate">
		<Images State="Normal">
			<Image Type="Middle">xfire_list_background</Image>
		</Images>
	</Component> -->
	
	<Component Name="XfireLogo" Class="Tile" MinWidth="78" MaxWidth="78" MinHeight="22" MaxHeight="22" Stretch="ToContent" Cursor="Hand">
		<Triggers>
			<Trigger Type="OnLeftButtonDown">AppLaunchURL(http://www.xfire.com/)</Trigger>
		</Triggers>
		<Images State="Normal" Color="XfireLogoCG">
			<Image Type="Middle">frame1_xfire_logo_norm</Image>
		</Images>
		<Images State="Hover" Color="XfireLogoHoverCG">
			<Image Type="Middle">frame1_xfire_logo_hover</Image>
		</Images>
		<Images State="Down" Color="XfireLogoDownCG">
			<Image Type="Middle">frame1_xfire_logo_down</Image>
		</Images>
	</Component>
	
	<Component Name="XfireLogoNoLink" Class="Tile" MinWidth="78" MaxWidth="78" MinHeight="22" MaxHeight="22" Stretch="ToContent">
		<Images State="Normal" Color="XfireLogoCG">
			<Image Type="Middle">frame1_xfire_logo_norm</Image>
		</Images>
		<Images State="Hover" Color="XfireLogoHoverCG">
			<Image Type="Middle">frame1_xfire_logo_hover</Image>
		</Images>
		<Images State="Down" Color="XfireLogoDownCG">
			<Image Type="Middle">frame1_xfire_logo_down</Image>
		</Images>
	</Component>
	
	<Component Name="XfireLogo3" Class="Menu" MinWidth="51" MaxWidth="51" MinHeight="31" MaxHeight="31" Stretch="ToContent" Cursor="Hand" Default="Activate">
		<Triggers>
			<Trigger Type="OnLeftButtonDown">MenuSys</Trigger>
		</Triggers>
		<Images State="Normal" Color="XfireLogoCG">
			<Image Type="Middle">frame1_xfire_logo</Image>
		</Images>
		<Images State="Hover" Color="XfireLogoHoverCG">
			<Image Type="Middle">frame1_xfire_logo</Image>
		</Images>
		<Images State="Down" Color="XfireLogoDownCG">
			<Image Type="Middle">frame1_xfire_logo</Image>
		</Images>
	</Component>
	
	<Component Name="XfireLogoNoLink3" Class="Tile" MinWidth="51" MaxWidth="51" MinHeight="31" MaxHeight="31" Stretch="ToContent" Default="Activate">
		<Images State="Normal" Color="XfireLogoCG">
			<Image Type="Middle">frame1_xfire_logo</Image>
		</Images>
		<Images State="Hover" Color="XfireLogoHoverCG">
			<Image Type="Middle">frame1_xfire_logo</Image>
		</Images>
		<Images State="Down" Color="XfireLogoDownCG">
			<Image Type="Middle">frame1_xfire_logo</Image>
		</Images>
	</Component>
	
	
	
	<!--
	//////////////////////////////////////////////
	// Window Draggers
	//////////////////////////////////////////////
	-->
	<Component Name="WindowDragger" Class="Tile" Default="Activate">
		<Triggers>
			<Trigger Type="OnLeftButtonDown">AppDragWindow</Trigger>
			<Trigger Type="OnDoubleClick">AppMaximize</Trigger>
		</Triggers>
	</Component>
	
	
	
	<!--
	//////////////////////////////////////////////
	// Scrollbar
	//////////////////////////////////////////////
	-->
	<Component Name="XfireScrollbar" Class="Scrollbar">
		<Images State="Normal" Color="ScrollbarCG" ColorBG="ScrollbarBGCG">
			<Image Type="ScrollLeft">scrollbar_arrow_left_norm</Image>
			<Image Type="ScrollRight">scrollbar_arrow_right_norm</Image>
			<Image Type="ScrollUp">scrollbar_arrow_up_norm</Image>
			<Image Type="ScrollDown">scrollbar_arrow_down_norm</Image>
			<Image Type="ScrollHorzGripperLeft">scrollbar_horz_gripper_left_norm</Image>
			<Image Type="ScrollHorzGripperMiddle">scrollbar_horz_gripper_middle_norm</Image>
			<Image Type="ScrollHorzGripperRight">scrollbar_horz_gripper_right_norm</Image>
			<Image Type="ScrollHorzGripperOverlay">scrollbar_horz_gripper_grips</Image>
			<Image Type="ScrollVertGripperTop">scrollbar_vert_gripper_top_norm</Image>
			<Image Type="ScrollVertGripperMiddle">scrollbar_vert_gripper_middle_norm</Image>
			<Image Type="ScrollVertGripperBottom">scrollbar_vert_gripper_bottom_norm</Image>
			<Image Type="ScrollVertGripperOverlay">scrollbar_vert_gripper_grips</Image>
			<Image Type="ScrollHorzGutterLeft">scrollbar_horz_gutter_left</Image>
			<Image Type="ScrollHorzGutterMiddle">scrollbar_horz_gutter_middle</Image>
			<Image Type="ScrollHorzGutterRight">scrollbar_horz_gutter_right</Image>
			<Image Type="ScrollVertGutterTop">scrollbar_vert_gutter_top</Image>
			<Image Type="ScrollVertGutterMiddle">scrollbar_vert_gutter_middle</Image>
			<Image Type="ScrollVertGutterBottom">scrollbar_vert_gutter_bottom</Image>
			<Image Type="ScrollCorner">scrollbar_corner</Image>
		</Images>
		<Images State="Hover" Color="ScrollbarCG" ColorBG="ScrollbarBGCG">
			<Image Type="ScrollLeft">scrollbar_arrow_left_hover</Image>
			<Image Type="ScrollRight">scrollbar_arrow_right_hover</Image>
			<Image Type="ScrollUp">scrollbar_arrow_up_hover</Image>
			<Image Type="ScrollDown">scrollbar_arrow_down_hover</Image>
			<Image Type="ScrollHorzGripperLeft">scrollbar_horz_gripper_left_hover</Image>
			<Image Type="ScrollHorzGripperMiddle">scrollbar_horz_gripper_middle_hover</Image>
			<Image Type="ScrollHorzGripperRight">scrollbar_horz_gripper_right_hover</Image>
			<Image Type="ScrollVertGripperTop">scrollbar_vert_gripper_top_hover</Image>
			<Image Type="ScrollVertGripperMiddle">scrollbar_vert_gripper_middle_hover</Image>
			<Image Type="ScrollVertGripperBottom">scrollbar_vert_gripper_bottom_hover</Image>
		</Images>
		<Images State="Down" Color="ScrollbarCG" ColorBG="ScrollbarBGCG">
			<Image Type="ScrollLeft">scrollbar_arrow_left_down</Image>
			<Image Type="ScrollRight">scrollbar_arrow_right_down</Image>
			<Image Type="ScrollUp">scrollbar_arrow_up_down</Image>
			<Image Type="ScrollDown">scrollbar_arrow_down_down</Image>
			<Image Type="ScrollHorzGripperLeft">scrollbar_horz_gripper_left_down</Image>
			<Image Type="ScrollHorzGripperMiddle">scrollbar_horz_gripper_middle_down</Image>
			<Image Type="ScrollHorzGripperRight">scrollbar_horz_gripper_right_down</Image>
			<Image Type="ScrollVertGripperTop">scrollbar_vert_gripper_top_down</Image>
			<Image Type="ScrollVertGripperMiddle">scrollbar_vert_gripper_middle_down</Image>
			<Image Type="ScrollVertGripperBottom">scrollbar_vert_gripper_bottom_down</Image>
		</Images>
		<Images State="Disabled" Color="ScrollbarCG" ColorBG="ScrollbarBGCG">
			<Image Type="ScrollLeft">scrollbar_arrow_left_disabled</Image>
			<Image Type="ScrollRight">scrollbar_arrow_right_disabled</Image>
			<Image Type="ScrollUp">scrollbar_arrow_up_disabled</Image>
			<Image Type="ScrollDown">scrollbar_arrow_down_disabled</Image>
		</Images>
	</Component>
	
	
	
	<!--
	//////////////////////////////////////////////
	// Menus
	//////////////////////////////////////////////
	-->
	<Component Name="MenuBackground" Class="Tile" MinWidth="120" MaxWidth="120" MinHeight="19" MaxHeight="19" Stretch="ToFit" Events="Transparent" Default="Activate">
		<Images State="Normal">
			<Image Type="Middle">menu_background</Image>
		</Images>
	</Component>
	
	<!-- Regular Menu Text -->
	<!-- <Component Name="XfireMenuText" Class="Text" Stretch="ToContent" Events="Transparent">
		<Text State="Normal" Color="MenuTextCG" Font="Arial" Size="12" Bold="False">XfireMenu</Text>
	</Component> -->

	<!-- Regular Menu  -->	
	<Component Name="XfireMenu" Class="Menu" MinWidth="32" MaxWidth="32" MinHeight="19" MaxHeight="19" Accelerator="ALT('XfireMenu')" Default="Activate">
		<Triggers>
			<Trigger Type="OnLeftButtonDown">MenuFile</Trigger>
		</Triggers>
		<Images State="Normal">
			<Image Type="Middle">menu_xfire_norm</Image>
		</Images>
		<Images State="Hover">
			<Image Type="Middle">menu_xfire_hover</Image>
		</Images>
		<Images State="Down">
			<Image Type="Middle">menu_xfire_down</Image>
		</Images>
	</Component>
	
	<!-- Tools Menu Text -->
	<!-- <Component Name="ToolsMenuText" Class="Text" Stretch="ToContent" Events="Transparent">
		<Text State="Normal" Color="MenuTextCG" Font="Arial" Size="12" Bold="False">ToolsMenu</Text>
	</Component> -->
	
	<!-- Tools Menu  -->
	<Component Name="ToolsMenu" Class="Menu" MinWidth="32" MaxWidth="32" MinHeight="19" MaxHeight="19" Accelerator="ALT('ToolsMenu')" Default="Activate">
		<Triggers>
			<Trigger Type="OnLeftButtonDown">MenuTool</Trigger>
		</Triggers>
		<Images State="Normal">
			<Image Type="Middle">menu_tools_norm</Image>
		</Images>
		<Images State="Hover">
			<Image Type="Middle">menu_tools_hover</Image>
		</Images>
		<Images State="Down">
			<Image Type="Middle">menu_tools_down</Image>
		</Images>
	</Component>

	<!-- Help Menu Text -->	
	<!-- <Component Name="HelpMenuText" Class="Text" Stretch="ToContent" Events="Transparent">
		<Text State="NormaL" Color="MenuTextCG" Font="Arial" Size="12" Bold="False">HelpMenu</Text>
	</Component> -->

	<!-- Help Menu  -->	
	<Component Name="HelpMenu" Class="Menu" MinWidth="32" MaxWidth="32" MinHeight="19" MaxHeight="19" Accelerator="ALT('HelpMenu')" Default="Activate">
		<Triggers>
			<Trigger Type="OnLeftButtonDown">MenuHelp</Trigger>
		</Triggers>
		<Images State="Normal">
			<Image Type="Middle">menu_help_norm</Image>
		</Images>
		<Images State="Hover">
			<Image Type="Middle">menu_help_hover</Image>
		</Images>
		<Images State="Down">
			<Image Type="Middle">menu_help_down</Image>
		</Images>
	</Component>
	
	<!-- Actions Menu Text -->
	<!-- <Component Name="ActionsMenuText" Class="Text" Stretch="ToContent" Events="Transparent">
		<Text State="Normal" Color="MenuTextCG" Font="Arial" Size="12" Bold="False">Actions</Text>
	</Component> -->

	<!-- Actions Menu  -->
	<Component Name="ActionsMenu" Class="Menu" MinWidth="32" MaxWidth="32" MinHeight="19" MaxHeight="19" Accelerator="ALT('GCActionsMenu')" Default="Activate">
		<Triggers>
			<Trigger Type="OnLeftButtonDown">MenuTool</Trigger>
		</Triggers>
		<Images State="Normal">
			<Image Type="Middle">menu_tools_norm</Image>
		</Images>
		<Images State="Hover">
			<Image Type="Middle">menu_tools_hover</Image>
		</Images>
		<Images State="Down">
			<Image Type="Middle">menu_tools_down</Image>
		</Images>
	</Component>
	
	<!-- Group Chat Actions Menu Text -->	
	<!-- <Component Name="GCActionsMenuText" Class="Text" Stretch="ToContent" Events="Transparent">
		<Text State="Normal" Color="MenuTextCG" Font="Arial" Size="12" Bold="False">GCActionsMenu</Text>
	</Component> -->
	
	<!-- Group Chat Actions Menu -->
	<Component Name="GCActionsMenu" Class="Menu" MinWidth="32" MaxWidth="32" MinHeight="19" MaxHeight="19" Accelerator="ALT('GCActionsMenu')" Default="Activate">
		<Triggers>
			<Trigger Type="OnLeftButtonDown">MenuTool</Trigger>
		</Triggers>
		<Images State="Normal">
			<Image Type="Middle">menu_tools_norm</Image>
		</Images>
		<Images State="Hover">
			<Image Type="Middle">menu_tools_hover</Image>
		</Images>
		<Images State="Down">
			<Image Type="Middle">menu_tools_down</Image>
		</Images>
	</Component>
	
	
	
	<!--
	//////////////////////////////////////////////
	// Buttons
	//////////////////////////////////////////////
	-->
	<Component Name="ButtonMinimize" Class="PushButton" MinWidth="13" MaxWidth="13" MinHeight="13" MaxHeight="13" Stretch="ToContent" ToolTip="ButtonMinimizeTip" DisabledToolTIp="ButtonMinimizeDisabledTip" Default="Activate">
		<Triggers>
			<Trigger Type="OnClick">AppMinimize</Trigger>
			<Trigger Type="OnActivate">State(Normal)</Trigger>
			<Trigger Type="OnDeactivate">State(Disabled)</Trigger>
		</Triggers>
		<Images State="Normal">
			<Image Type="Middle">button_minimize_norm</Image>
		</Images>
		<Images State="Hover">
			<Image Type="Middle">button_minimize_hover</Image>
		</Images>
		<Images State="Down">
			<Image Type="Middle">button_minimize_down</Image>
		</Images>
		<Images State="Disabled">
			<Image Type="Middle">button_minimize_disabled</Image>
		</Images>
	</Component>
	
	<Component Name="ButtonMaximize" Class="PushButton" MinWidth="13" MaxWidth="13" MinHeight="13" MaxHeight="13" Stretch="ToContent" ToolTip="ButtonMinimizeTip" DisabledToolTIp="ButtonMinimizeDisabledTip" Default="Activate">
		<Triggers>
			<Trigger Type="OnClick">AppMaximize</Trigger>
			<Trigger Type="OnActivate">State(Normal)</Trigger>
			<Trigger Type="OnDeactivate">State(Disabled)</Trigger>
		</Triggers>
		<Images State="Normal">
			<Image Type="Middle">button_maximize_norm</Image>
		</Images>
		<Images State="Hover">
			<Image Type="Middle">button_maximize_hover</Image>
		</Images>
		<Images State="Down">
			<Image Type="Middle">button_maximize_down</Image>
		</Images>
		<Images State="Disabled">
			<Image Type="Middle">button_maximize_disabled</Image>
		</Images>
	</Component>
	
	<Component Name="ButtonClose" Class="PushButton" MinWidth="13" MaxWidth="13" MinHeight="13" MaxHeight="13" Stretch="ToContent" ToolTip="ButtonCloseTip" DisabledToolTip="ButtonCloseDisabledTip" Default="Activate">
		<Triggers>
			<Trigger Type="OnClick">AppClose</Trigger>
			<Trigger Type="OnActivate">State(Normal)</Trigger>
			<Trigger Type="OnDeactivate">State(Disabled)</Trigger>
		</Triggers>
		<Images State="Normal">
			<Image Type="Middle">button_close_norm</Image>
		</Images>
		<Images State="Hover">
			<Image Type="Middle">button_close_hover</Image>
		</Images>
		<Images State="Down">
			<Image Type="Middle">button_close_down</Image>
		</Images>
		<Images State="Disabled">
			<Image Type="Middle">button_close_disabled</Image>
		</Images>
	</Component>
	
	<!--[BEGIN] Call Buttons -->
	<Component Name="TabbedMute" Class="TabControl" MinWidth="44" MaxWidth="44" MinHeight="25" MaxHeight="25" Stretch="ToContent" ControlGroupId="3" GroupId="3" Default="Activate">
		<Triggers>
			<Trigger Type="OnAppCanLeaveVoiceChat">GroupMessage(0)</Trigger>
			<Trigger Type="OnAppCanVoiceChat">GroupMessage(0)</Trigger>
			<Trigger Type="OnAppCannotVoiceChat">GroupMessage(0)</Trigger>
			<Trigger Type="OnAppCanHostVoiceChat">GroupMessage(0)</Trigger>
			<Trigger Type="OnAppCanMuteSelf">GroupMessage(0)</Trigger>
			<Trigger Type="OnAppCanUnmuteSelf">GroupMessage(1)</Trigger>
		</Triggers>
		<Images State="Normal">
			<Image Type="Middle">transparent</Image>
		</Images>
	</Component>
	
	<Component Name="ChatButtonMuteSelf" Class="PushButton" MinWidth="44" MaxWidth="44" MinHeight="25" MaxHeight="25" Stretch="ToContent" ToolTip="ButtonMuteMicTip" DisabledToolTip="ButtonMuteMicDisabledTip" Default="Activate">
		<Triggers>
			<Trigger Type="OnClick">AppMuteSelf</Trigger>
			<Trigger Type="OnAppCanLeaveVoiceChat">State(Normal)</Trigger>
			<Trigger Type="OnAppCanMuteSelf">State(Normal)</Trigger>
			<Trigger Type="OnAppCanUnmuteSelf">State(Normal)</Trigger>
			<Trigger Type="OnAppCanVoiceChat">State(Disabled)</Trigger>
			<Trigger Type="OnAppCannotVoiceChat">State(Disabled)</Trigger>
			<Trigger Type="OnAppCanHostVoiceChat">State(Disabled)</Trigger>
		</Triggers>
		<Images State="Normal">
			<Image Type="Middle">button_mute_mic_norm</Image>
		</Images>
		<Images State="Hover">
			<Image Type="Middle">button_mute_mic_hover</Image>
		</Images>
		<Images State="Down">
			<Image Type="Middle">button_mute_mic_down</Image>
		</Images>
		<Images State="Disabled">
			<Image Type="Middle">button_mute_mic_disabled</Image>
		</Images>
	</Component>
	
	<Component Name="ChatButtonUnmuteSelf" Class="PushButton" MinWidth="44" MaxWidth="44" MinHeight="25" MaxHeight="25" Stretch="ToContent" ToolTip="ButtonUnmuteMicTip" Default="Activate">
		<Triggers>
			<Trigger Type="OnClick">AppUnmuteSelf</Trigger>
			<Trigger Type="OnAppCanLeaveVoiceChat">State(Normal)</Trigger>
			<Trigger Type="OnAppCanMuteSelf">State(Normal)</Trigger>
			<Trigger Type="OnAppCanUnmuteSelf">State(Normal)</Trigger>
		</Triggers>
		<Images State="Normal">
			<Image Type="Middle">button_unmute_mic_norm</Image>
		</Images>
		<Images State="Hover">
			<Image Type="Middle">button_unmute_mic_hover</Image>
		</Images>
		<Images State="Down">
			<Image Type="Middle">button_unmute_mic_down</Image>
		</Images>
	</Component>
	
	<Component Name="ChatButtonAnswerCall" Class="PushButton" MinWidth="44" MaxWidth="44" MinHeight="25" MaxHeight="25" Stretch="ToContent" ToolTip="ButtonAnswerCallTip" Default="Activate">
		<Triggers>
			<Trigger Type="OnClick">AppVoiceChat</Trigger>
			<!-- <Trigger Type="OnAppVoiceRinging">Animate(Type=Repeat,Delay=4,Repeat=-1,Action=1)</Trigger> -->
		</Triggers>
		<Images State="Normal">
			<Image Type="Middle">button_call_ringing</Image>
		</Images>
		<Images State="Hover">
			<Image Type="Middle">button_call_ringing</Image>
		</Images>
		<Images State="Down">
			<Image Type="Middle">button_call_down</Image>
		</Images>
		<Images State="Disabled">
			<Image Type="Middle">button_call_disabled</Image>
		</Images>
	</Component>
	
	<Component Name="ChatButtonCancelCall" Class="PushButton" MinWidth="44" MaxWidth="44" MinHeight="25" MaxHeight="25" Stretch="ToContent" ToolTip="ButtonCancelCallTip" Default="Activate">
		<Triggers>
			<Trigger Type="OnClick">AppCancelVoiceChat</Trigger>
		</Triggers>
		<Images State="Normal">
			<Image Type="Middle">button_call_cancel_norm</Image>
		</Images>
		<Images State="Hover">
			<Image Type="Middle">button_call_cancel_hover</Image>
		</Images>
		<Images State="Down">
			<Image Type="Middle">button_call_cancel_down</Image>
		</Images>
		<Images State="Disabled">
			<Image Type="Middle">button_call_disabled</Image>
		</Images>
	</Component>
	<!--[BEGIN] Call buttons -->
</Components>