<?xml version="1.0" encoding="UTF-8"?>
<!DOCTYPE Components SYSTEM "CarbonFiber.dtd">

<Components>
	<!--
	//////////////////////////////////////////////
	// Window Frame
	//////////////////////////////////////////////
	-->
	<Component Name="InfoViewTopRow" Class="Tile" MinHeight="52" MaxHeight="52" Stretch="ToContent">
		<Images State="Normal">
			<!-- <Image Type="TopLeft">frame2_top_left</Image> -->
			<Image Type="Top">frame2_top_middle</Image>
			<Image Type="TopRight">frame2_top_right</Image>
		</Images>
	</Component>
	
	<!-- <Component Name="InfoViewLeftSide" Class="Tile" MinWidth="55" MaxWidth="55" Stretch="ToContent">
		<Images State="Normal">
			<Image Type="Left">frame2_leftside_middle</Image>
		</Images>
	</Component> -->
	
	<Component Name="InfoViewBackground" Class="Tile" Stretch="ToFit">
		<Images State="Normal">
			<Image Type="Middle">frame2_window_filler</Image>
		</Images>
	</Component>
	
	<Component Name="InfoViewRightSide" Class="Tile" MinWidth="55" MaxWidth="55" Stretch="ToContent">
		<Images State="Normal">
			<Image Type="Right">frame2_rightside_middle</Image>
		</Images>
	</Component>
	
	<Component Name="InfoViewBottomRow" Class="Tile" MinHeight="52" MaxHeight="52" Stretch="ToContent">
		<Images State="Normal">
			<!-- <Image Type="BottomLeft">frame2_bottom_left</Image> -->
			<Image Type="Bottom">frame2_bottom_middle</Image>
			<Image Type="BottomRight">frame2_bottom_right</Image>
		</Images>
	</Component>
	
	
	
	<!--
	//////////////////////////////////////////////
	// Resize Grippers
	//////////////////////////////////////////////
	-->
	<Component Name="PopupResizeGripperR" Class="Tile" MinWidth="7" MaxWidth="7" Cursor="ResizeWE">
		<Triggers>
			<Trigger Type="OnLeftButtonDown">ResizeR</Trigger>
		</Triggers>
	</Component>
	
	
	
	<!--
	//////////////////////////////////////////////
	// Main Window
	//////////////////////////////////////////////
	-->
	
	
	
	<!--
	//////////////////////////////////////////////
	// Chat Window
	//////////////////////////////////////////////
	-->
	
	
	
	<!--
	//////////////////////////////////////////////
	// XIG Tooltip
	//////////////////////////////////////////////
	-->
	<Component Name="XIGToolTip" Class="ToolTip" Stretch="ToContent" Color="ToolTipBGCG">
		<Text Font="Arial" Size="11" Color="ToolTipTextCG" Indent="3">%s</Text>
	</Component>
</Components>