<?xml version="1.0" encoding="UTF-8"?>
<!DOCTYPE Components SYSTEM "CarbonFiber.dtd">

<Components>
	<!--
	//////////////////////////////////////////////
	// Window Frame
	//////////////////////////////////////////////
	-->
	<Component Name="XIGActiveWindowsTopRow" Class="Tile" MinHeight="4" MaxHeight="4" Stretch="ToContent">
		<Images State="Normal">
			<Image Type="TopLeft">frame1_top_left</Image>
			<Image Type="Top">frame1_top_middle</Image>
			<Image Type="TopRight">frame1_top_right</Image>
		</Images>
	</Component>
	
	<Component Name="XIGActiveWindowsLeftSide" Class="Tile" MinWidth="4" MaxWidth="4" Stretch="ToContent">
		<Images State="Normal">
			<Image Type="Left">frame1_leftside_middle</Image>
		</Images>
	</Component>
	
	<Component Name="XIGActiveWindowsBackground" Class="Tile" Stretch="ToContent">
		<Images State="Normal">
			<Image Type="Middle">frame1_window_filler</Image>
		</Images>
	</Component>
	
	<Component Name="XIGActiveWindowsRightSide" Class="Tile" MinWidth="4" MaxWidth="4" Stretch="ToContent">
		<Images State="Normal">
			<Image Type="Right">frame1_rightside_middle</Image>
		</Images>
	</Component>
	
	<Component Name="XIGActiveWindowsBottomRow" Class="Tile" MinHeight="4" MaxHeight="4" Stretch="ToContent">
		<Images State="Normal">
			<Image Type="BottomLeft">frame1_bottom_left</Image>
			<Image Type="Bottom">frame1_bottom_middle</Image>
			<Image Type="BottomRight">frame1_bottom_right</Image>
		</Images>
	</Component>
	
	
	
	<!--
	//////////////////////////////////////////////
	// Resize Grippers
	//////////////////////////////////////////////
	-->
	<Component Name="XIGActiveWindowsResizeGripperTL" Class="Tile" MinWidth="10" MaxWidth="10" MinHeight="10" MaxHeight="10" Cursor="ResizeNWSE">
		<Triggers>
			<Trigger Type="OnLeftButtonDown">ResizeUL</Trigger>
		</Triggers>
	</Component>
	
	<Component Name="XIGActiveWindowsResizeGripperTop" Class="Tile" MinHeight="7" MaxHeight="7" Cursor="ResizeNS">
		<Triggers>
			<Trigger Type="OnLeftButtonDown">ResizeT</Trigger>
		</Triggers>
	</Component>
	
	<Component Name="XIGActiveWindowsResizeGripperTR" Class="Tile" MinWidth="10" MaxWidth="10" MinHeight="10" MaxHeight="10" Cursor="ResizeNESW">
		<Triggers>
			<Trigger Type="OnLeftButtonDown">ResizeUR</Trigger>
		</Triggers>
	</Component>
	
	<Component Name="XIGActiveWindowsResizeGripperL" Class="Tile" MinWidth="7" MaxWidth="7" Cursor="ResizeWE">
		<Triggers>
			<Trigger Type="OnLeftButtonDown">ResizeL</Trigger>
		</Triggers>
	</Component>
	
	<Component Name="XIGActiveWindowsResizeGripperR" Class="Tile" MinWidth="7" MaxWidth="7" Cursor="ResizeWE">
		<Triggers>
			<Trigger Type="OnLeftButtonDown">ResizeR</Trigger>
		</Triggers>
	</Component>
	
	<Component Name="XIGActiveWindowsResizeGripperBL" Class="Tile" MinWidth="10" MaxWidth="10" MinHeight="10" MaxHeight="10" Cursor="ResizeNESW">
		<Triggers>
			<Trigger Type="OnLeftButtonDown">ResizeBL</Trigger>
		</Triggers>
	</Component>
	
	<Component Name="XIGActiveWindowsResizeGripperBottom" Class="Tile" MinHeight="7" MaxHeight="7" Cursor="ResizeNS">
		<Triggers>
			<Trigger Type="OnLeftButtonDown">ResizeB</Trigger>
		</Triggers>
	</Component>
	
	<Component Name="XIGActiveWindowsResizeGripperBR" Class="Tile" MinWidth="9" MaxWidth="9" MinHeight="9" MaxHeight="9" Stretch="ToContent" Cursor="ResizeNWSE">
		<Triggers>
			<Trigger Type="OnLeftButtonDown">ResizeBR</Trigger>
		</Triggers>
		<Images State="Normal">
			<Image Type="Middle">frame1_gripper_bottom_right_norm</Image>
		</Images>
		<Images State="Hover">
			<Image Type="Middle">frame1_gripper_bottom_right_hover</Image>
		</Images>
		<Images State="Down">
			<Image Type="Middle">frame1_gripper_bottom_right_down</Image>
		</Images>
	</Component>
	
	
	
	<!--
	//////////////////////////////////////////////
	// Buttons
	//////////////////////////////////////////////
	-->
	<Component Name="XIGActiveWindowsButtonClose" Class="PushButton" MinWidth="13" MaxWidth="13" MinHeight="13" MaxHeight="13" Stretch="ToContent" ToolTip="ButtonCloseTip" TooltipTile="XIGToolTipPopup" DrawOnTopmost="True">
		<Triggers>
			<Trigger Type="OnClick">HideWindow</Trigger>
			<Trigger Type="OnActivate">State(Normal)</Trigger>
			<Trigger Type="OnDeactivate">State(Disabled)</Trigger>
		</Triggers>
		<Images State="Normal">
			<Image Type="Middle">button_xig_active_window_close_norm</Image>
		</Images>
		<Images State="Hover">
			<Image Type="Middle">button_xig_active_window_close_hover</Image>
		</Images>
		<Images State="Down">
			<Image Type="Middle">button_xig_active_window_close_down</Image>
		</Images>
		<Images State="Disabled">
			<Image Type="Middle">button_xig_active_window_close_disabled</Image>
		</Images>
	</Component>
	
	<!--[BEGIN] Call Buttons -->
	<Component Name="XIGChatsTabbedCall" Class="CallReflectorButton" MinWidth="44" MaxWidth="44" MinHeight="25" MaxHeight="25" Stretch="ToContent" ToolTipTile="XIGToolTipPopup" DrawOnTopMost="True" ButtonType="Voice" />
	
	<Component Name="XIGActiveWindowButtonCall" Class="Tile" MinWidth="44" MaxWidth="44" MinHeight="25" MaxHeight="25" Stretch="ToContent" Events="Transparent" DrawOnTopMost="True">
		<Images State="Normal">
			<Image Type="Middle">button_call_norm</Image>
		</Images>
		<Images State="Hover">
			<Image Type="Middle">button_call_hover</Image>
		</Images>
		<Images State="Down">
			<Image Type="Middle">button_call_down</Image>
		</Images>
	</Component>
	
	<Component Name="XIGActiveWindowButtonAnswerCall" Class="Tile" MinWidth="44" MaxWidth="44" MinHeight="25" MaxHeight="25" Stretch="ToContent" Events="Transparent" DrawOnTopMost="True">
		<Images State="Normal">
			<Image Type="Middle">button_call_ringing</Image>
		</Images>
	</Component>
	
	<Component Name="XIGActiveWindowButtonCancelCall" Class="Tile" MinWidth="44" MaxWidth="44" MinHeight="25" MaxHeight="25" Stretch="ToContent" Events="Transparent" DrawOnTopMost="True">
		<Images State="Normal">
			<Image Type="Middle">button_call_cancel_norm</Image>
		</Images>
		<Images State="Hover">
			<Image Type="Middle">button_call_cancel_hover</Image>
		</Images>
		<Images State="Down">
			<Image Type="Middle">button_call_cancel_down</Image>
		</Images>
	</Component>
	
	<Component Name="XIGActiveWindowButtonTalkingCall" Class="Tile" MinWidth="44" MaxWidth="44" MinHeight="25" MaxHeight="25" Stretch="ToContent" Events="Transparent" DrawOnTopMost="True">
		<Images State="Normal">
			<Image Type="Middle">button_mute_mic_on</Image>
		</Images>
	</Component>
	
	<Component Name="XIGActiveWindowButtonDisabledCall" Class="Tile" MinWidth="44" MaxWidth="44" MinHeight="25" MaxHeight="25" Stretch="ToContent" Events="Transparent" DrawOnTopMost="True">
		<Images State="Normal">
			<Image Type="Middle">button_call_disabled</Image>
		</Images>
	</Component>
	<!--[END] Call Buttons -->
	
	<!--[BEGIN] Tab Switching Buttons -->
	<Component Name="XIGActiveWindowButtonFriendsTab" Class="PushButton" Stretch="ToContent" ToolTip="ButtonFriendsTabTip" ToolTipTile="XIGToolTipPopup" DrawOnTopMost="True">
		<Triggers>
			<Trigger Type="OnClick">ShowFriends</Trigger>
			<Trigger Type="OnLeftButtonDown">ShowFriends</Trigger>
		</Triggers>
		<Images State="Normal">
			<Image Type="Middle">button_friends_tab_norm</Image>
		</Images>
		<Images State="Hover">
			<Image Type="Middle">button_friends_tab_hover</Image>
		</Images>
	</Component>
	
	<Component Name="XIGActiveWindowButtonFriendsTabActive" Class="PushButton" Stretch="ToContent" ToolTip="ButtonFriendsTabTip" ToolTipTile="XIGToolTipPopup" DrawOnTopMost="True">
		<Images State="Normal">
			<Image Type="Middle">button_friends_tab_down</Image>
		</Images>
	</Component>
	
	<Component Name="XIGActiveWindowButtonChatsTab" Class="PushButton" Stretch="ToContent" ToolTip="XIGButtonChatsTabTip" ToolTipTile="XIGToolTipPopup" DrawOnTopMost="True">
		<Triggers>
			<Trigger Type="OnClick">ShowChats</Trigger>
			<Trigger Type="OnLeftButtonDown">ShowChats</Trigger>
		</Triggers>
		<Images State="Normal">
			<Image Type="Middle">button_xig_chats_tab_norm</Image>
		</Images>
		<Images State="Hover">
			<Image Type="Middle">button_xig_chats_tab_hover</Image>
		</Images>
		<Images State="Down">
			<Image Type="Middle">button_xig_chats_tab_down</Image>
		</Images>
	</Component>
	
	<Component Name="XIGActiveWindowButtonChatsTabActive" Class="PushButton" Stretch="ToContent" ToolTip="XIGButtonChatsTabTip" ToolTipTile="XIGToolTipPopup" DrawOnTopMost="True">
		<Images State="Normal">
			<Image Type="Middle">button_xig_chats_tab_down</Image>
		</Images>
	</Component>
	
	<Component Name="XIGActiveWindowButtonChatRoomsTab" Class="PushButton" Stretch="ToContent" ToolTip="ButtonChatRoomsTabTip" ToolTipTile="XIGToolTipPopup" DrawOnTopMost="True">
		<Triggers>
			<Trigger Type="OnClick">ShowChatRooms</Trigger>
			<Trigger Type="OnLeftButtonDown">ShowChatRooms</Trigger>
		</Triggers>
		<Images State="Normal">
			<Image Type="Middle">button_chatrooms_tab_norm</Image>
		</Images>
		<Images State="Hover">
			<Image Type="Middle">button_chatrooms_tab_hover</Image>
		</Images>
		<Images State="Down">
			<Image Type="Middle">button_chatrooms_tab_down</Image>
		</Images>
	</Component>
	
	<Component Name="XIGActiveWindowButtonChatRoomsTabActive" Class="PushButton" Stretch="ToContent" ToolTip="ButtonChatRoomsTabTip" ToolTipTile="XIGToolTipPopup" DrawOnTopMost="True">
		<Images State="Normal">
			<Image Type="Middle">button_chatrooms_tab_down</Image>
		</Images>
	</Component>
	
	<Component Name="XIGActiveWindowButtonOptionsTab" Class="PushButton" Stretch="ToContent" ToolTip="XIGButtonVoiceOptionsTabTip" ToolTipTile="XIGToolTipPopup" DrawOnTopMost="True">
		<Triggers>
			<Trigger Type="OnClick">ShowOptions</Trigger>
			<Trigger Type="OnLeftButtonDown">ShowOptions</Trigger>
		</Triggers>
		<Images State="Normal">
			<Image Type="Middle">button_xig_options_tab_norm</Image>
		</Images>
		<Images State="Hover">
			<Image Type="Middle">button_xig_options_tab_hover</Image>
		</Images>
		<Images State="Down">
			<Image Type="Middle">button_xig_options_tab_down</Image>
		</Images>
	</Component>
	
	<Component Name="XIGActiveWindowButtonOptionsTabActive" Class="PushButton" Stretch="ToContent" ToolTip="XIGButtonVoiceOptionsTabTip" ToolTipTile="XIGToolTipPopup" DrawOnTopMost="True">
		<Images State="Normal">
			<Image Type="Middle">button_xig_options_tab_down</Image>
		</Images>
	</Component>
	
	<Component Name="XIGActiveWindowButtonHelpTab" Class="PushButton" Stretch="ToContent" ToolTip="XIGButtonHelpTabTip" ToolTipTile="XIGToolTipPopup" DrawOnTopMost="True">
		<Triggers>
			<Trigger Type="OnClick">ShowHelp</Trigger>
			<Trigger Type="OnLeftButtonDown">ShowHelp</Trigger>
		</Triggers>
		<Images State="Normal">
			<Image Type="Middle">button_xig_help_tab_norm</Image>
		</Images>
		<Images State="Hover">
			<Image Type="Middle">button_xig_help_tab_hover</Image>
		</Images>
		<Images State="Down">
			<Image Type="Middle">button_xig_help_tab_down</Image>
		</Images>
	</Component>
	
	<Component Name="XIGActiveWindowButtonHelpTabActive" Class="PushButton" Stretch="ToContent" ToolTip="XIGButtonHelpTabTip" ToolTipTile="XIGToolTipPopup" DrawOnTopMost="True">
		<Images State="Normal">
			<Image Type="Middle">button_xig_help_tab_down</Image>
		</Images>
	</Component>
	<!--[END] Tab Switching Buttons -->
</Components>