<?xml version="1.0" encoding="UTF-8"?>
<!DOCTYPE Components SYSTEM "CarbonFiber.dtd">

<Components>
	<Component Name="XIGOptions" Class="MainWindow" MinWidth="357" MinHeight="272" DefaultWidth="357" DefaultHeight="272" DefaultX="10" DefaultY="10">
		<Triggers>
			<Trigger Type="OnShowOptions">ShowWindow</Trigger>
		</Triggers>
	</Component>
	
	<Component Name="XIGOptionsTitle" Class="Text" Stretch="ToContent" Events="Transparent">
		<Text Align="Right" Font="Arial" Size="12" Bold="True" Color="XIGActiveWindowTitleCG">XIGOptionsTitle</Text>
	</Component>
	
	<Component Name="XIGOptionsTextContainer" Class="Tile" MinWidth="141" Stretch="ToContent" Events="Transparent" />
	
	<Component Name="XIGOptionsSpeakerVolumeText" Class="Text" Stretch="ToContent" Events="Transparent">
		<Text Font="Arial" Size="11" Bold="False" Color="ListFriendTextCG">AdjustSpeakerVolumeText</Text>
	</Component>
	
	<Component Name="XIGOptionsMicVolumeText" Class="Text" Stretch="ToContent" Events="Transparent">
		<Text Font="Arial" Size="11" Bold="False" Color="ListFriendTextCG">AdjustMicVolumeText</Text>
	</Component>
	
	<Component Name="XIGOptionsMicSensitivityText" Class="Text" Stretch="ToContent" Events="Transparent">
		<Text Font="Arial" Size="11" Bold="False" Color="ListFriendTextCG">AdjustMicSensitivyText</Text>
	</Component>
	
	<Component Name="XIGOptionsSlidersContainer" Class="Tile" Stretch="ToContent" Events="Transparent" />
	
	<Component Name="XIGSpeakerSlider" Class="SliderControl" MinHeight="12" MaxHeight="12" Stretch="ToContent" ToolTip="AdjustSpeakerVolumeTip" ToolTipTile="XIGToolTipPopup" Range="100" Step="1" Type="Speaker" />
	
	<Component Name="XIGMicSlider" Class="SliderControl" MinHeight="12" MaxHeight="12" Stretch="ToContent" ToolTip="AdjustMicVolumeTip" ToolTipTile="XIGToolTipPopup" Range="100" Step="1" Type="Mic" />
	
	<Component Name="XIGMicSensitivitySlider" Class="SliderControl" MinHeight="12" MaxHeight="12" Stretch="ToContent" ToolTip="AdjustMicSensitivityTip" ToolTipTile="XIGToolTipPopup" Range="100" Step="1" Type="MicSensitivity" />
	
	
	
	<!--
	//////////////////////////////////////////////
	// Buttons
	//////////////////////////////////////////////
	-->
	<Component Name="XIGOptionsButtonBar" Class="Tile" MinHeight="25" MaxHeight="25" Stretch="ToContent" Events="Transparent" />
</Components>