<?xml version="1.0" encoding="UTF-8"?>
<!DOCTYPE Components SYSTEM "CarbonFiber.dtd">

<Components>
	<Component Name="XIGHelp" Class="MainWindow" MinWidth="357" MinHeight="272" DefaultWidth="357" DefaultHeight="272" DefaultX="10" DefaultY="10">
		<Triggers>
			<Trigger Type="OnShowHelp">ShowWindow</Trigger>
		</Triggers>
	</Component>
	
	<Component Name="XIGHelpTitle" Class="Text" Stretch="ToContent" Events="Transparent">
		<Text Align="Right" Font="Arial" Size="12" Bold="True" Color="XIGActiveWindowTitleCG">XIGHelpTitle</Text>
	</Component>
	
	<Component Name="XIGHelpText" Class="HelpText" Stretch="ToContent" DrawOnTopMost="True">
		<Fonts>
			<Font Type="UserLink" Font="Arial" Size="11" Bold="True" Color="LinkTextCG" />
			<Font Type="User" Font="Arial" Size="11" Bold="False" Color="ListFriendTextCG" />
		</Fonts>
		<Images State="UserIcon">
			<Image Type="Middle">icon_chat</Image>
		</Images>
		<Images State="UserIconOverlay">
			<Image Type="Middle">icon_chat</Image>
		</Images>
	</Component>
	
	
	
	<!--
	//////////////////////////////////////////////
	// Buttons
	//////////////////////////////////////////////
	-->
	<Component Name="XIGHelpButtonBar" Class="Tile" MinHeight="25" MaxHeight="25" Stretch="ToContent" Events="Transparent" />
</Components>