<?xml version="1.0" encoding="UTF-8"?>
<!DOCTYPE Components SYSTEM "CarbonFiber.dtd">

<Components>
	<Component Name="XIGChatRooms" Class="MainWindow" MinWidth="357" MinHeight="272" DefaultWidth="357" DefaultHeight="272" DefaultX="10" DefaultY="10">
		<Triggers>
			<Trigger Type="OnShowChatRooms">ShowWindow</Trigger>
		</Triggers>
	</Component>
	
	<Component Name="XIGChatRoomsTitle" Class="Text" Stretch="ToContent" Events="Transparent">
		<Text Align="Right" Font="Arial" Size="12" Bold="True" Color="XIGActiveWindowTitleCG">XIGChatRoomsTitle</Text>
	</Component>
	
	<Component Name="XIGChatRoomsRoomList" Class="ChatRoomsList" ToolTipTile="XIGToolTipPopup" SelectedFocusColor="ListFriendTextCG" ItemIndentLeft="5">
		<Triggers>
			<Trigger Type="OnClick">JoinRoom</Trigger>
		</Triggers>
		<Fonts>
			<Font Type="DisplayName" Font="Arial" Size="11" Bold="False" Color="ListFriendTextCG" />
			<Font Type="SelectedDisplayName" Font="Arial" Size="11" Bold="False" Italics="False" Color="ListColorSelectedTextCG" />
		</Fonts>
	</Component>
	
	
	
	<!--
	//////////////////////////////////////////////
	// Buttons
	//////////////////////////////////////////////
	-->
	<Component Name="XIGChatRoomsButtonBar" Class="Tile" MinHeight="25" MaxHeight="25" Stretch="ToContent" Events="Transparent" /> 
	
	<Component Name="XIGActiveWindowButtonNewRoom" Class="PushButton" MinWidth="44" MaxWidth="44" MinHeight="25" MaxHeight="25" Stretch="ToContent" ToolTip="ButtonCreateChatRoomTip" ToolTipTile="XIGToolTipPopup" DrawOnTopMost="True">
		<Triggers>
			<Trigger Type="OnClick">NewRoom</Trigger>
		</Triggers>
		<Images State="Normal">
			<Image Type="Middle">button_chatroom_create_norm</Image>
		</Images>
		<Images State="Hover">
			<Image Type="Middle">button_chatroom_create_hover</Image>
		</Images>
		<Images State="Down">
			<Image Type="Middle">button_chatroom_create_down</Image>
		</Images>
		<Images State="Disabled">
			<Image Type="Middle">button_chatroom_create_disabled</Image>
		</Images>
	</Component>
	
	<Component Name="XIGActiveWindowButtonInviteUsers" Class="PushButton" MinWidth="44" MaxWidth="44" MinHeight="25" MaxHeight="25" Stretch="ToContent" ToolTip="ButtonInviteUsersTip" ToolTipTile="XIGToolTipPopup" DrawOnTopMost="True" ButtonType="RoomInvite">
		<Triggers>
			<Trigger Type="OnClick">InviteUsersToRoom</Trigger>
		</Triggers>
		<Images State="Normal">
			<Image Type="Middle">button_chatroom_invite_norm</Image>
		</Images>
		<Images State="Hover">
			<Image Type="Middle">button_chatroom_invite_hover</Image>
		</Images>
		<Images State="Down">
			<Image Type="Middle">button_chatroom_invite_down</Image>
		</Images>
		<Images State="Disabled">
			<Image Type="Middle">button_chatroom_invite_disabled</Image>
		</Images>
	</Component>
	
	<Component Name="XIGActiveWindowButtonEnterChatroom" Class="PushButton" MinWidth="44" MaxWidth="44" MinHeight="25" MaxHeight="25" Stretch="ToContent" ToolTip="ButtonEnterChatRoomTip" ToolTipTile="XIGToolTipPopup" DrawOnTopMost="True">
		<Triggers>
			<Trigger Type="OnClick">EnterAttachedRoom</Trigger>
		</Triggers>
		<Images State="Normal">
			<Image Type="Middle">button_chatroom_enter_norm</Image>
		</Images>
		<Images State="Hover">
			<Image Type="Middle">button_chatroom_enter_hover</Image>
		</Images>
		<Images State="Down">
			<Image Type="Middle">button_chatroom_enter_down</Image>
		</Images>
		<Images State="Disabled">
			<Image Type="Middle">button_chatroom_enter_disabled</Image>
		</Images>
	</Component>
	
	<Component Name="XIGActiveWindowRoomEdit" Class="EnterRoomEdit" Stretch="ToContent" CaretColor="XIGCaretCG" SelectionSelectorColor="XIGCaretCG" SelectionColor="ListColorSelectedCG" SelectionTextColor="ListColorSelectedTextCG" SelectionColor_InActive="TextFieldTextHighlightInactiveCG">
		<Fonts>
			<Font Type="Text" Font="Arial" Size="10" Bold="False" Color="TextFieldTextCG" />
			<Font Type="DisabledText" Font="Arial" Size="10" Bold="False" Color="TextFieldTextCG" />
		</Fonts>
	</Component>
</Components>