<?xml version="1.0" encoding="UTF-8"?>
<!DOCTYPE Overlay SYSTEM "CarbonFiber.dtd">

<Overlay>
	<Tile Name="WebBrowser" ResizeX="100" ResizeY="100" Features="WebBrowser" DisplayName="Browser" Component="XIGWebOverlay">
		<!--
		//////////////////////////////////////////////
		// Resize Grippers
		//////////////////////////////////////////////
		-->
		<Tile Name="ResizeGripperTL" Z="26" JustX="Left" JustY="Top" Component="XIGOverlaysResizeGripperTL" />
		<Tile Name="ResizeGripperT" Z="25" JustY="Top" ResizeX="100" IndentRight="ResizeGripperTR.Width" IndentLeft="ResizeGripperTL.Width" Component="XIGOverlaysResizeGripperTop" />
		<Tile Name="ResizeGripperTR" Z="26" JustX="Right" JustY="Top" Component="XIGOverlaysResizeGripperTR" />
		<Tile Name="ResizeGripperL" Z="25" JustX="Left" JustY="Center" ResizeY="100" IndentTop="ResizeGripperTL.Height" IndentBottom="ResizeGripperBL.Height" Component="XIGOverlaysResizeGripperL" />
		<Tile Name="ResizeGripperR" Z="25" JustX="Right" JustY="Center" ResizeY="100" IndentTop="ResizeGripperTR.Height" IndentBottom="ResizeGripperBR.Height" Component="XIGOverlaysResizeGripperR" />
		<Tile Name="ResizeGripperBL" Z="26" JustX="Left" JustY="Bottom" Component="XIGOverlaysResizeGripperBL" />
		<Tile Name="ResizeGripperBottom" Z="25" JustY="Bottom" ResizeX="100" IndentRight="ResizeGripperBR.Width" IndentLeft="ResizeGripperBL.Width"  Component="XIGOverlaysResizeGripperBottom" />
		<Tile Name="ResizeGripperBR" X="2" Y="2" Z="26" JustX="Right" JustY="Bottom" Component="XIGOverlaysResizeGripperBR" />
		
		
		
		<!--
		//////////////////////////////////////////////
		// Window Draggers
		//////////////////////////////////////////////
		-->
		<Tile Name="WindowDragger" Z="10" ResizeX="100" ResizeY="100" Component="XIGWindowDragger" />
		
		
		
		<!--
		//////////////////////////////////////////////
		// Window Frame
		//////////////////////////////////////////////
		-->
		<Tile Name="TopRow" Z="1" JustY="Top" ResizeX="100" Component="XIGOverlaysTopRow" />
		<Tile Name="LeftSide" Z="1" JustX="Left" JustY="Top" ResizeY="100" IndentTop="TopRow.Height" IndentBottom="BottomRow.Height" Component="XIGOverlaysLeftSide" />
		<Tile Name="Background" Z="1" ResizeX="100" ResizeY="100" IndentRight="RightSide.Width" IndentBottom="BottomRow.Height" IndentLeft="LeftSide.Width" IndentTop="TopRow.Height" Component="XIGOverlaysBackground" />
		<Tile Name="RightSide" Z="1" JustX="Right" JustY="Top" ResizeY="100" IndentTop="TopRow.Height" IndentBottom="BottomRow.Height" Component="XIGOverlaysRightSide" />
		<Tile Name="BottomRow" Z="1" JustY="Bottom" ResizeX="100" Component="XIGOverlaysBottomRow" />
		
		
		
		<!--
		//////////////////////////////////////////////
		// Content
		//////////////////////////////////////////////
		-->
		<Tile Name="ButtonClose" X="8" Y="4" Z="25" JustX="Right" Component="XIGOverlayButtonClose" />
		
		
		<!--[BEGIN] Tabs -->
		<Tile Name="TabBar" Y="4" Z="25" ResizeX="100" IndentRight="25" IndentLeft="1" Component="XIGWebTabBar">
			<Tile Name="TabContentControl" Z="25" ResizeX="100" IndentRight="27" ControlId="1399" AttachedControlId="1302" TabOrder="73" Component="XIGWebTabContentControl">
				<Tile Name="TabContentLeft" JustY="Center" Component="XIGWebPreviousTab" />
				<Tile Name="Tab" JustY="Bottom" ResizeX="100" BindX="False" Component="XIGWebTab" />
				<Tile Name="TabContentRight" JustY="Center" Component="XIGWebNextTab" />
				<Tile Name="TabButtonClose" Component="XIGWebButtonTabClose" />
			</Tile>
			<Tile Name="ButonNewTab" Z="25" JustX="Right" JustY="Center" ControlId="1310" AttachedControlId="1399" TabOrder="74" FocusedColor="XIGFocusedColor" Component="XIGWebButtonNewTab" />
		</Tile>
		<!--[END] Tabs -->
		
		
		<!--[BEGIN] Navigation -->
		<Tile Name="TopNavi" Y="TabBar.Bottom-1" Z="24" ResizeX="100" IndentRight="1" IndentLeft="1" Component="XIGWebNaviContainer">
			<Tile Name="ButtonBack" X="1" Z="25" JustY="Center" ControlId="1306" AttachedControlId="1399" TabOrder="50" FocusedColor="XIGFocusedColor" Component="XIGWebButtonBack" />
			<Tile Name="ButtonForward" X="ButtonBack.Right" Y="ButtonBack.Top" Z="25" ControlId="1307" AttachedControlId="1399" TabOrder="60" FocusedColor="XIGFocusedColor" Component="XIGWebButtonForward" />
			<Tile Name="ButtonRefresh" X="ButtonForward.Right" Y="ButtonBack.Top" Z="25" ControlId="1308" AttachedControlId="1399" TabOrder="70" FocusedColor="XIGFocusedColor" Component="XIGWebButtonRefresh" />
			<Tile Name="ButtonHome" X="ButtonRefresh.Right" Y="ButtonBack.Top" Z="25" ControlId="1313" AttachedControlId="1399" TabOrder="71" FocusedColor="XIGFocusedColor" Component="XIGWebButtonHome" />
			<Tile Name="URLContainer" X="ButtonHome.Right+3" Z="25" JustY="Center" ResizeX="100" IndentRight="23" Component="XIGWebURLBG">
				<Tile Name="URL" Z="26" ResizeX="100" ResizeY="100" IndentTop="1" IndentRight="1" IndentBottom="1" IndentLeft="1" ControlId="1301" AttachedControlId="1399" TabOrder="72" Component="XIGWebURL" />
			</Tile>	
		</Tile>
		<!--[END] Navigation -->
		
		
		<!-- <Tile Name="ContentContainer" Y="59" Z="4" ResizeX="100" ResizeY="100" IndentRight="7" IndentBottom="23" IndentLeft="7" Component="ContentContainer"> -->
			<!--[BEGIN] Content -->
			<Tile Name="Content" Y="TopNavi.Bottom" Z="99" ResizeX="100" ResizeY="100" IndentRight="1" IndentBottom="24" IndentLeft="1" ControlId="1302" AttachedControlId="1399" FocusedColor="XIGFocusedColor" TabOrder="10" Default="SetFocusControl" Component="XIGWebContent" />	
			<!--[END] Content -->
		<!-- </Tile> -->
		
		
		<!--[BEGIN] Opacity Slider -->
		<Tile Name="OpacSlider" X="42" Y="8" Z="25" JustX="Right" JustY="Bottom" ControlId="7" TabOrder="30" Component="XIGOpacitySlider">
			<Tile Name="OpacTrack" ResizeX="100" Component="XIGOpacityTrack" />
			<Tile Name="OpacGripper" Component="XIGOpacityGripper" />
		</Tile>
		<!--[END] Opacity Slider -->
		
		<!-- <Tile Name="PageStatus" ResizeX="100" IndentRight="20" IndentLeft="20" Component="XIGWebPageStatus" /> -->
	</Tile>
</Overlay>
