<?xml version="1.0" encoding="UTF-8"?>
<!DOCTYPE Overlay SYSTEM "CarbonFiber.dtd">

<Overlay>
	<Tile Name="EditMode" ResizeX="100" ResizeY="100" Features="EditModeOverlay" Component="XIGEditModeOverlay">
		<Tile Name="WindowDragger" Z="25" ResizeX="100" ResizeY="100" Component="XIGEditModeTileDragger" />
		
		<Tile Name="OverlayOpacSlider" X="8" Y="1" Z="25" ResizeX="50" ControlId="710" Component="XIGOpacitySlider">
			<Tile Name="OverlayOpacTrack" ResizeX="100" Component="XIGOpacityTrack" />
			<Tile Name="OverlayOpacGripper" Component="XIGOpacityGripper" />
		</Tile>
		
		<Tile Name="OverlayName" Y="6" Z="25" JustX="Center" Component="XIGEditModeOverlayName" />
		
		<Tile Name="OverlayResizeGripper" X="2" Y="2" Z="25" JustX="Right" JustY="Bottom" Component="XIGEditModeOverlayGripper">
			<Tile Name="OverlayGripperLarge" Component="XIGEditModeOverlayGripperLarge" />
		</Tile>
		
		<Tile Name="OverlayOptionsButton" X="11" Y="3" Z="25" JustY="Bottom" Component="XIGEditModeButtonOptions">
			<Tile Name="EditModeButtonOptionsLarge" Component="XIGEditModeButtonSmallOptions" />
			<Tile Name="OverlayOptionsButtonLarge" Component="XIGEditModeButtonLargeOptions" />
		</Tile>
	</Tile>
</Overlay>