<?xml version="1.0" encoding="UTF-8"?>
<!DOCTYPE Overlay SYSTEM "CarbonFiber.dtd">

<Overlay>
	<Tile Name="Clock" ResizeX="100" ResizeY="100" Features="Clock" DisplayName="Clock" Component="XIGClockOverlay">
		<!--
		//////////////////////////////////////////////
		// Window Frame
		//////////////////////////////////////////////
		-->
		<Tile Name="TopRow" JustY="Top" ResizeX="100" Component="XIGLiveStatsTopRow" />
		<Tile Name="LeftSide" JustX="Left" JustY="Top" ResizeY="100" IndentTop="TopRow.Height" IndentBottom="BottomRow.Height" Component="XIGLiveStatsLeftSide" />
		<Tile Name="Background" Z="0" ResizeX="100" ResizeY="100" IndentRight="RightSide.Width" IndentBottom="BottomRow.Height" IndentLeft="LeftSide.Width" IndentTop="TopRow.Height" Component="XIGLiveStatsBackground" />
		<Tile Name="RightSide" JustX="Right" JustY="Top" ResizeY="100" IndentTop="TopRow.Height" IndentBottom="BottomRow.Height" Component="XIGLiveRightSide" />
		<Tile Name="BottomRow" JustY="Bottom" ResizeX="100" Component="XIGLiveBottomRow" />
		
		
		
		<!--
		//////////////////////////////////////////////
		// Content
		//////////////////////////////////////////////
		-->
		<Tile Name="ClockText" Z="100" JustX="Center" JustY="Center" ResizeX="60" ResizeY="60" Component="XIGClockText" />
	</Tile>
</Overlay>