<?xml version="1.0" encoding="UTF-8"?><!DOCTYPE Overlay SYSTEM "CarbonFiber.dtd"><Overlay>	<Tile Name="WebCam" ResizeX="100" ResizeY="100" Features="WebCam" DisplayName="WebCam" Component="XIGWebCamOverlay">		<!--		//////////////////////////////////////////////		// Window Frame		//////////////////////////////////////////////		-->		<Tile Name="TopRow" JustY="Top" ResizeX="100" Component="XIGLiveStatsTopRow" />		<Tile Name="LeftSide" JustX="Left" JustY="Top" ResizeY="100" IndentTop="TopRow.Height" IndentBottom="BottomRow.Height" Component="XIGLiveStatsLeftSide" />		<Tile Name="Background" Z="0" ResizeX="100" ResizeY="100" IndentRight="RightSide.Width" IndentBottom="BottomRow.Height" IndentLeft="LeftSide.Width" IndentTop="TopRow.Height" Component="XIGLiveStatsBackground" />		<Tile Name="RightSide" JustX="Right" JustY="Top" ResizeY="100" IndentTop="TopRow.Height" IndentBottom="BottomRow.Height" Component="XIGLiveRightSide" />		<Tile Name="BottomRow" JustY="Bottom" ResizeX="100" Component="XIGLiveBottomRow" />								<!--		//////////////////////////////////////////////		// Content		//////////////////////////////////////////////		-->		<Tile Name="WebCamControl" Z="100" ResizeX="100" ResizeY="100" IndentTop="5" IndentRight="3" IndentBottom="5" IndentLeft="3" Component="XIGWebCamControl" />		<Tile Name="AdjustWebCamText" Y="0" JustX="Center" JustY="Bottom" Component="XIGWebCamAdjustText" />	</Tile></Overlay>