<?xml version="1.0" encoding="UTF-8"?>
<!DOCTYPE Overlay SYSTEM "CarbonFiber.dtd">

<Overlay>
	<Tile Name="Voice" ResizeX="100" ResizeY="100" Features="VoiceChat" DisplayName="Voice" Component="XIGVoiceOverlay">
		<!--
		//////////////////////////////////////////////
		// Window Frame
		//////////////////////////////////////////////
		-->
		<Tile Name="TopRow" JustY="Top" ResizeX="100" Component="XIGLiveStatsTopRow" />
		<Tile Name="LeftSide" JustX="Left" JustY="Top" ResizeY="100" IndentTop="TopRow.Height" IndentBottom="BottomRow.Height" Component="XIGLiveStatsLeftSide" />
		<Tile Name="Background" Z="0" ResizeX="100" ResizeY="100" IndentRight="RightSide.Width" IndentBottom="BottomRow.Height" IndentLeft="LeftSide.Width" IndentTop="TopRow.Height" Component="XIGLiveStatsBackground" />
		<Tile Name="RightSide" JustX="Right" JustY="Top" ResizeY="100" IndentTop="TopRow.Height" IndentBottom="BottomRow.Height" Component="XIGLiveRightSide" />
		<Tile Name="BottomRow" JustY="Bottom" ResizeX="100" Component="XIGLiveBottomRow" />
		
		
		
		<!--
		//////////////////////////////////////////////
		// Content
		//////////////////////////////////////////////
		-->
		<Tile Name="VoiceControl" Z="100" JustY="Center" ResizeX="100" ResizeY="100" IndentTop="2" IndentRight="4" IndentBottom="2" IndentLeft="4" Component="XIGVoiceControl" />
	</Tile>
</Overlay>