<?xml version="1.0" encoding="UTF-8"?>
<!DOCTYPE Overlay SYSTEM "CarbonFiber.dtd">

<Overlay>
	<Tile Name="Music" ResizeX="100" ResizeY="100" Features="MusicPlayer" DisplayName="Player" Component="XIGMusicPlayerWindow">
		<!--
		//////////////////////////////////////////////
		// Resize Grippers
		//////////////////////////////////////////////
		-->
		<Tile Name="ResizeGripperTL" Z="26" JustX="Left" JustY="Top" Component="XIGOverlaysResizeGripperTL" />
		<Tile Name="ResizeGripperT" Z="25" JustY="Top" ResizeX="100" IndentRight="ResizeGripperTR.Width" IndentLeft="ResizeGripperTL.Width" Component="XIGOverlaysResizeGripperTop" />
		<Tile Name="ResizeGripperTR" Z="26" JustX="Right" JustY="Top" Component="XIGOverlaysResizeGripperTR" />
		<Tile Name="ResizeGripperL" Z="25" JustX="Left" JustY="Center" ResizeY="100" IndentTop="ResizeGripperTL.Height" IndentBottom="ResizeGripperBL.Height" Component="XIGOverlaysResizeGripperL" />
		<Tile Name="ResizeGripperR" Z="25" JustX="Right" JustY="Center" ResizeY="100" IndentTop="ResizeGripperTR.Height" IndentBottom="ResizeGripperBR.Height" Component="XIGOverlaysResizeGripperR" />
		<Tile Name="ResizeGripperBL" Z="26" JustX="Left" JustY="Bottom" Component="XIGOverlaysResizeGripperBL" />
		<Tile Name="ResizeGripperBottom" Z="25" JustY="Bottom" ResizeX="100" IndentRight="ResizeGripperBR.Width" IndentLeft="ResizeGripperBL.Width"  Component="XIGOverlaysResizeGripperBottom" />
		<Tile Name="ResizeGripperBR" X="2" Y="2" Z="26" JustX="Right" JustY="Bottom" Component="XIGOverlaysResizeGripperBR" />
		
		
		
		<!--
		//////////////////////////////////////////////
		// Window Draggers
		//////////////////////////////////////////////
		-->
		<Tile Name="WindowDragger" Z="10" ResizeX="100" ResizeY="100" Component="XIGWindowDragger" />
		
		
		
		<!--
		//////////////////////////////////////////////
		// Window Frame
		//////////////////////////////////////////////
		-->
		<Tile Name="TopRow" Z="1" JustY="Top" ResizeX="100" Component="XIGOverlaysTopRow" />
		<Tile Name="LeftSide" Z="1" JustX="Left" JustY="Top" ResizeY="100" IndentTop="TopRow.Height" IndentBottom="BottomRow.Height" Component="XIGOverlaysLeftSide" />
		<Tile Name="Background" Z="1" ResizeX="100" ResizeY="100" IndentRight="RightSide.Width" IndentBottom="BottomRow.Height" IndentLeft="LeftSide.Width" IndentTop="TopRow.Height" Component="XIGOverlaysBackground" />
		<Tile Name="RightSide" Z="1" JustX="Right" JustY="Top" ResizeY="100" IndentTop="TopRow.Height" IndentBottom="BottomRow.Height" Component="XIGOverlaysRightSide" />
		<Tile Name="BottomRow" Z="1" JustY="Bottom" ResizeX="100" Component="XIGOverlaysBottomRow" />
		
		
		
		<!--
		//////////////////////////////////////////////
		// Content
		//////////////////////////////////////////////
		-->
		<Tile Name="Title" Y="8" Z="25" ResizeX="100" IndentRight="25" IndentLeft="10" Component="XIGMusicPlayerTitle" />
		<Tile Name="ButtonClose" X="8" Y="4" Z="25" JustX="Right" ControlId="1803" TabOrder="3" Component="XIGOverlayButtonClose" />
		
		
		<!--[BEGIN] Content Container -->
		<Tile Name="ContentContainer" Z="24" ResizeX="100" ResizeY="100" IndentTop="32" IndentRight="11" IndentBottom="24" IndentLeft="11" Component="ContentContainer">
			<!--[BEGIN] Playlist Header -->
			<Tile Name="PlaylistHeader" Y="1" Z="25" ResizeX="100" IndentLeft="1" Component="XIGMusicPlayerPlaylistHeader">
				<Tile Name="PlaylistHeaderText" X="5" JustY="Center" Component="XIGMusicPlayerPlaylistHeaderText" />
				<Tile Name="SongArtist" X="PlaylistHeaderText.Right" JustY="Center" Component="XIGMusicPlayerCurrentArtist" />
				<Tile Name="SongArtistDivider" X="SongArtist.Right+5" Y="SongArtist.Top" Component="XIGMusicPlayerTrackArtistDivider" />
				<Tile Name="SongName" X="SongArtistDivider.Right+5" Y="SongArtist.Top" Component="XIGMusicPlayerCurrentTrack" />
			</Tile>
			<!--[END] Playlist Header -->
			
			<!--[BEGIN] Playlist -->
			<Tile Name="Playlist" Y="PlaylistHeader.Bottom" Z="25" ResizeX="100" ResizeY="100" IndentRight="12" IndentBottom="1" IndentLeft="1" TabOrder="1" ControlId="1801" Default="SetFocusControl" MultiSelect="True" Component="XIGMusicPlayerPlaylist">
				<Tile Name="ListItemBG" ResizeX="100" ResizeY="100" Component="XIGListItemBG" />
				<Tile Name="ListItemBGSelected" ResizeX="100" ResizeY="100" Component="XIGListItemBGSelected" />
			</Tile>
			<Tile Name="VertScrollBar" X="Playlist.Right" Y="Playlist.Top" Z="25" ResizeY="100" IndentBottom="1" AttachedControlId="1801" Component="XIGVertScrollBar" />
			<!--[END] Playlist -->
			
			<!-- <Tile Name="ContentBackground" Z="1" ResizeX="100" ResizeY="100" IndentTop="1" IndentRight="1" IndentBottom="1" IndentLeft="1" Component="XfireListBackdrop" /> -->
		</Tile>
		<!--[END] Content Container -->
		
		
		<!--[BEGIN] Controls Container -->
		<Tile Name="ControlsContainer" Y="ContentContainer.Bottom+3" Z="25" ResizeX="100" IndentLeft="10" IndentRight="10" Component="XIGMusicPlayerControlsContainer">
			<!--[BEGIN] Buttons -->
			<Tile Name="PrevTrack" Z="25" TabOrder="10" ControlId="1810" FocusedColor="XIGFocusedColor" Component="XIGMusicPlayerButtonPrevTrack" />
			<Tile Name="PlayPauseTrack" X="PrevTrack.Right" Z="25" TabOrder="20" ControlId="1820" FocusedColor="XIGFocusedColor" Component="XIGMusicPlayerButtonPlayPauseTrack">
				<Tile Name="PlayTrack" FocusedColor="XIGFocusedColor" Component="XIGMusicPlayerButtonPlayTrack" />
				<Tile Name="PauseTrack" FocusedColor="XIGFocusedColor" Component="XIGMusicPlayerButtonPauseTrack" />
			</Tile>
			<Tile Name="NextTrack" X="PlayPauseTrack.Right" Z="25" TabOrder="30" ControlId="1830" FocusedColor="XIGFocusedColor" Component="XIGMusicPlayerButtonNextTrack" />
			<Tile Name="Volume" X="NextTrack.Right" Z="25" TabOrder="40" ControlId="1840" Component="XIGMusicPlayerVolume">
				<Tile Name="VolumeMute" Z="25" Component="XIGMusicPlayerVolumeMute" />
				<Tile Name="VolumeBar" Z="25" Component="XIGMusicPlayerVolumeBar" />
			</Tile>
			<!--[END] Buttons -->
			
			
			<!--[BEGIN] Opacity Slider -->
			<Tile Name="OpacitySlider" X="32" Z="25" JustX="Right" JustY="Center" TabOrder="2" ControlId="1802" FocusedColor="XIGFocusedColor" Component="XIGOpacitySlider">
				<Tile Name="OpacTrack" ResizeX="100" Component="XIGOpacityTrack" />
				<Tile Name="OpacGripper" Component="XIGOpacityGripper" />
			</Tile>
			<!--[END] Opacity Slider -->
		</Tile>
		<!--[END] Controls Container -->
	</Tile>
</Overlay>