<?xml version="1.0" encoding="UTF-8"?>
<!DOCTYPE Components SYSTEM "CarbonFiber.dtd">

<Components>
	<Component Name="XIGEditModeOverlay" Class="MainWindow" />
	
	<Component Name="XIGEditModeTileDragger" Class="Tile" DrawOnTopMost="True">
		<Triggers>
			<Trigger Type="OnLeftButtonDown">AppDragWindow</Trigger>
		</Triggers>
	</Component>
	
	<Component Name="XIGEditModeOverlayName" Class="WindowNameText" Stretch="ToContent" DrawOnTopMost="True">
		<Text Font="Arial" Size="11" Bold="True" Color="XIGOverlayTitleCG" />
	</Component>
	
	<Component Name="XIGEditModeOverlayGripper" Class="OverlayOptionsButton" MinWidth="9" MinHeight="9" ControlType="Gripper" />
	
	<Component Name="XIGEditModeOverlayGripperLarge" Class="Tile" MinWidth="9" MaxWidth="9" MinHeight="9" MaxHeight="9" Stretch="ToContent" DrawOnTopMost="True">
		<Triggers>
			<Trigger Type="OnLeftButtonDown">ResizeBR</Trigger>
		</Triggers>
		<Images State="Normal">
			<Image Type="Middle">button_xig_edit_mode_gripper_bottom_right_norm</Image>
		</Images>
	</Component>
	
	
	
	<!--
	//////////////////////////////////////////////
	// Buttons
	//////////////////////////////////////////////
	-->
	<Component Name="XIGEditModeButtonOptions" Class="OverlayOptionsButton" MinWidth="20" MaxWidth="20" MinHeight="16" MaxHeight="16" Stretch="ToContent" ControlType="Options" />
	
	<Component Name="XIGEditModeButtonSmallOptions" Class="PushButton" MinWidth="20" MaxWidth="20" MinHeight="16" MaxHeight="16" Stretch="ToContent" ToolTipTile="XIGToolTipPopup" DrawOnTopMost="True">
		<Triggers>
			<Trigger Type="OnClick">OpenOverlayOptionsDlg</Trigger>
		</Triggers>
		<Images State="Normal">
			<Image Type="Middle">button_xig_edit_mode_settings_small_small_down</Image>
		</Images>
		<Images State="Hover">
			<Image Type="Middle">button_xig_edit_mode_settings_small_hover</Image>
		</Images>
		<Images State="Down">
			<Image Type="Middle">button_xig_edit_mode_settings_small_down</Image>
		</Images>
	</Component>
	
	<Component Name="XIGEditModeButtonLargeOptions" Class="PushButton" MinWidth="20" MaxWidth="20" MinHeight="16" MaxHeight="16" Stretch="ToContent" ToolTipTile="XIGToolTipPopup" DrawOnTopMost="True">
		<Triggers>
			<Trigger Type="OnClick">OpenOverlayOptionsDlg</Trigger>
		</Triggers>
		<Images State="Normal">
			<Image Type="Middle">button_xig_edit_mode_settings_large_norm</Image>
		</Images>
		<Images State="Hover">
			<Image Type="Middle">button_xig_edit_mode_settings_large_hover</Image>
		</Images>
		<Images State="Down">
			<Image Type="Middle">button_xig_edit_mode_settings_large_down</Image>
		</Images>
	</Component>
</Components>