<?xml version="1.0" encoding="UTF-8"?>
<!DOCTYPE Components SYSTEM "CarbonFiber.dtd">

<Components>
	<Component Name="XIGBarOverlay" Class="MainWindow" MinHeight="29" MaxHeight="29">
		<Triggers>
			<Trigger Type="OnActiveMode">ShowTile</Trigger>
		</Triggers>
	</Component>
	
	<Component Name="XIGBarBG" Class="XfireBar" MinHeight="29" MaxHeight="29" Spacing="10">
		<Images State="Normal">
			<Image Type="Top">xigbar_middle</Image>
		</Images>
	</Component>
	
	<Component Name="XIGBarXfireLogoNoHover" Class="WindowModeButton" MinWidth="79" MaxWidth="79" MinHeight="29" MaxHeight="29" Stretch="ToContent" ToolTipTile="XIGToolTipPopup" ToolTipAlign="Above">
		<Images State="Normal">
			<Image Type="Middle">xigbar_logo</Image>
		</Images>
	</Component>
	
	<Component Name="XIGBarAlertStatus" Class="XfireBarAlertStatus" MaxHeight="14" Stretch="ToContent">
		<Fonts>
			<Font Type="RoomLink" Font="Arial" Size="11" Bold="True" Underline="True" Color="ChatOtherHyperLinkCG" />
			<Font Type="Room" Font="Arial" Size="11" Bold="False" Color="ChatOtherTextCG" />
			<!-- Friend sent a link -->
			<Font Type="UserLink" Font="Arial" Size="11" Bold="True" Underline="True" Color="ChatOtherHyperLinkCG" />
			<!-- Friends name + text -->
			<Font Type="User" Font="Arial" Size="11" Bold="False" Color="ChatOtherTextCG" />
			<!-- You sent a link -->
			<Font Type="SendLink" Font="Arial" Size="11" Bold="True" Color="ChatPersonalHyperLinkCG" />
			<!-- Your name + text -->
			<Font Type="Send" Font="Arial" Size="11" Bold="False" Color="ChatPersonalTextCG" />
		</Fonts>
		<Images State="UserIcon">
			<Image Type="Middle">icon_chat</Image>
		</Images>
		<Images State="UserIconOverlay">
			<Image Type="Middle">icon_chat</Image>
		</Images>
		<Images State="RoomIcon">
			<Image Type="Middle">icon_group_chat</Image>
		</Images>
		<Images State="RoomIconOverlay">
			<Image Type="Middle">icon_group_chat</Image>
		</Images>
	</Component>
	
	<Component Name="XIGBarFPSContainer" Class="Tile" MinWidth="50" MinHeight="29" MaxHeight="29" />
	
	<Component Name="XIGBarFPS" Class="Text" MinHeight="18" Stretch="ToContent" Events="Transparent">
		<Text Font="Arial" Size="12" Bold="True" Color="XIGBarTextCG">%fps%</Text>
	</Component>
	
	<Component Name="XIGBarClock" Class="Text" MinHeight="18" Stretch="ToContent" Events="Transparent">
		<Text Font="Arial" Size="12" Bold="True" Color="XIGBarTextCG">%clock%</Text>
	</Component>
	
	<Component Name="XIGBarVertSeperator" Class="Tile" MinWidth="1" MaxWidth="1" Stretch="ToContent">
		<Images State="Normal">
			<Image Type="Middle">xigbar_vert_separator</Image>
		</Images>
	</Component>
	
	
	
	<!--
	//////////////////////////////////////////////
	// New Message Icons
	//////////////////////////////////////////////
	-->
	<Component Name="XIGIcon1NewMsg" Class="Tile" MaxWidth="16" MaxHeight="16" Stretch="ToContent" Events="Transparent">
		<Images State="Normal">
			<Image Type="Middle">icon_alert_1</Image>
		</Images>
	</Component>
	
	<Component Name="XIGIcon2NewMsg" Class="Tile" MaxWidth="16" MaxHeight="16" Stretch="ToContent" Events="Transparent">
		<Images State="Normal">
			<Image Type="Middle">icon_alert_2</Image>
		</Images>
	</Component>
	
	<Component Name="XIGIcon3NewMsg" Class="Tile" MaxWidth="16" MaxHeight="16" Stretch="ToContent" Events="Transparent">
		<Images State="Normal">
			<Image Type="Middle">icon_alert_3</Image>
		</Images>
	</Component>
	
	<Component Name="XIGIcon4NewMsg" Class="Tile" MaxWidth="16" MaxHeight="16" Stretch="ToContent" Events="Transparent">
		<Images State="Normal">
			<Image Type="Middle">icon_alert_4</Image>
		</Images>
	</Component>
	
	<Component Name="XIGIcon5NewMsg" Class="Tile" MaxWidth="16" MaxHeight="16" Stretch="ToContent" Events="Transparent">
		<Images State="Normal">
			<Image Type="Middle">icon_alert_5</Image>
		</Images>
	</Component>
	
	<Component Name="XIGIcon6NewMsg" Class="Tile" MaxWidth="16" MaxHeight="16" Stretch="ToContent" Events="Transparent">
		<Images State="Normal">
			<Image Type="Middle">icon_alert_6</Image>
		</Images>
	</Component>
	
	<Component Name="XIGIcon7NewMsg" Class="Tile" MaxWidth="16" MaxHeight="16" Stretch="ToContent" Events="Transparent">
		<Images State="Normal">
			<Image Type="Middle">icon_alert_7</Image>
		</Images>
	</Component>
	
	<Component Name="XIGIcon8NewMsg" Class="Tile" MaxWidth="16" MaxHeight="16" Stretch="ToContent" Events="Transparent">
		<Images State="Normal">
			<Image Type="Middle">icon_alert_8</Image>
		</Images>
	</Component>
	
	<Component Name="XIGIcon9NewMsg" Class="Tile" MaxWidth="16" MaxHeight="16" Stretch="ToContent" Events="Transparent">
		<Images State="Normal">
			<Image Type="Middle">icon_alert_9</Image>
		</Images>
	</Component>
	
	<Component Name="XIGIcon9+NewMsg" Class="Tile" MaxWidth="16" MaxHeight="16" Stretch="ToContent" Events="Transparent">
		<Images State="Normal">
			<Image Type="Middle">icon_alert_9+</Image>
		</Images>
	</Component>
	
	
	
	<!--
	//////////////////////////////////////////////
	// Buttons
	//////////////////////////////////////////////
	-->
	<Component Name="XIGBarButtonEdit" Class="WindowModeButton" MinWidth="20" MaxWidth="20" MinHeight="18" MaxHeight="18" Stretch="ToContent" PushType="Sticky" ToolTipTile="XIGToolTipPopup" ToolTipAlign="Above">
		<Images State="Normal">
			<Image Type="Middle">button_xigbar_edit_norm</Image>
		</Images>
		<Images State="Hover">
			<Image Type="Middle">button_xigbar_edit_hover</Image>
		</Images>
		<Images State="Down">
			<Image Type="Middle">button_xigbar_edit_down</Image>
		</Images>
		<Images State="Disabled">
			<Image Type="Middle">transparent</Image>
		</Images>
	</Component>
	
	<Component Name="XIGBarButtonGame" Class="WindowModeButton" MinWidth="20" MaxWidth="20" MinHeight="18" MaxHeight="18" Stretch="ToContent" ToolTipTile="XIGToolTipPopup" ToolTipAlign="Above">
		<Images State="Disabled">
			<Image Type="Middle">transparent</Image>
		</Images>
	</Component>
	
	<!--[BEGIN] Video Button -->
	<Component Name="XIGBarButtonVideo" Class="XfireBarButton" MinWidth="20" MaxWidth="20" MinHeight="18" MaxHeight="18" Stretch="ToContent" DrawOntopMost="True" ToolTipTile="XIGToolTipPopup" ToolTipAlign="Above">
		<Images State="Normal">
			<Image Type="Middle">button_xigbar_video_norm</Image>
		</Images>
		<Images State="Hover">
			<Image Type="Middle">button_xigbar_video_hover</Image>
		</Images>
		<Images State="Down">
			<Image Type="Middle">button_xigbar_video_down</Image>
		</Images>
		<Images State="Disabled">
			<Image Type="Middle">transparent</Image>
		</Images>
	</Component>
	
	<Component Name="XIGBarVideoStatus" Class="XfireBarVideoStatus" MinWidth="300" MinHeight="20" Stretch="ToContent" ToolTipTile="XIGToolTipPopup" ToolTipAlign="Above">
		<Fonts>
			<Font Type="VideoStatus" Font="Arial" Size="12" Bold="True" Color="XIGBarTextCG" />
		</Fonts>
	</Component>
	<!--[END] Video Button -->
	
	<Component Name="XIGBarButtonBroadcast" Class="XfireBarButton" MinWidth="20" MaxWidth="20" MinHeight="18" MaxHeight="18" Stretch="ToContent" DrawOntopMost="True" ToolTipTile="XIGToolTipPopup" ToolTipAlign="Above">
		<Images State="Normal">
			<Image Type="Middle">button_xigbar_broadcast_norm</Image>
		</Images>
		<Images State="Hover">
			<Image Type="Middle">button_xigbar_broadcast_hover</Image>
		</Images>
		<Images State="Down">
			<Image Type="Middle">button_xigbar_broadcast_down</Image>
		</Images>
		<Images State="Disabled">
			<Image Type="Middle">transparent</Image>
		</Images>
	</Component>
	
	<Component Name="XIGBarButtonPictures" Class="XfireBarButton" MinWidth="20" MaxWidth="20" MinHeight="18" MaxHeight="18" Stretch="ToContent" DrawOntopMost="True" ToolTipTile="XIGToolTipPopup" ToolTipAlign="Above">
		<Images State="Normal">
			<Image Type="Middle">button_xigbar_pictures_norm</Image>
		</Images>
		<Images State="Hover">
			<Image Type="Middle">button_xigbar_pictures_hover</Image>
		</Images>
		<Images State="Down">
			<Image Type="Middle">button_xigbar_pictures_down</Image>
		</Images>
		<Images State="Disabled">
			<Image Type="Middle">transparent</Image>
		</Images>
	</Component>
	
	<Component Name="XIGBarButtonChat" Class="WindowModeButton" MinWidth="20" MaxWidth="20" MinHeight="18" MaxHeight="18" Stretch="ToContent" ToolTipTile="XIGToolTipPopup" ToolTipAlign="Above">
		<Images State="Normal">
			<Image Type="Middle">button_xigbar_chats_norm</Image>
		</Images>
		<Images State="Hover">
			<Image Type="Middle">button_xigbar_chats_hover</Image>
		</Images>
		<Images State="Down">
			<Image Type="Middle">button_xigbar_chats_down</Image>
		</Images>
		<Images State="Disabled">
			<Image Type="Middle">transparent</Image>
		</Images>
	</Component>
	
	<Component Name="XIGBarButtonWeb" Class="WindowModeButton" MinWidth="20" MaxWidth="20" MinHeight="18" MaxHeight="18" Stretch="ToContent" ToolTipTile="XIGToolTipPopup" ToolTipAlign="Above">
		<Images State="Normal">
			<Image Type="Middle">button_xigbar_web_norm</Image>
		</Images>
		<Images State="Hover">
			<Image Type="Middle">button_xigbar_web_hover</Image>
		</Images>
		<Images State="Down">
			<Image Type="Middle">button_xigbar_web_down</Image>
		</Images>
		<Images State="Disabled">
			<Image Type="Middle">transparent</Image>
		</Images>
	</Component>
	
	<Component Name="XIGBarButtonMusic" Class="WindowModeButton" MinWidth="20" MaxWidth="20" MinHeight="18" MaxHeight="18" Stretch="ToContent" ToolTipTile="XIGToolTipPopup" ToolTipAlign="Above">
		<Images State="Normal">
			<Image Type="Middle">button_xigbar_music_norm</Image>
		</Images>
		<Images State="Hover">
			<Image Type="Middle">button_xigbar_music_hover</Image>
		</Images>
		<Images State="Down">
			<Image Type="Middle">button_xigbar_music_down</Image>
		</Images>
		<Images State="Disabled">
			<Image Type="Middle">transparent</Image>
		</Images>
	</Component>
	
	<Component Name="XIGBarButtonNewMsgs" Class="XfireBarNewMsgsButton" Stretch="ToContent" ToolTipTile="XIGToolTipPopup" ToolTipAlign="Above" />
	
	<!--[BEGIN] Call Buttons -->
	<!--[@NOTE] This can't have a MinWidth or MinHeight otherwise
	            Xfire can't hide the mute buttons -->
	<Component Name="XIGBarButtonMic" Class="MicReflectorButton" MaxWidth="24" MaxHeight="18" Stretch="ToContent" ButtonType="XfireBarMic" ToolTipTile="XIGToolTipPopup" ToolTipAlign="Above" DrawOnTopMost="True">
		<Images State="Disabled">
			<Image Type="Middle">transparent</Image>
		</Images>
	</Component>
	
	<Component Name="XIGBarButtonMicDisabled" Class="Tile" MaxWidth="20" MaxHeight="18" Stretch="ToContent" Events="Transparent" DrawOnTopMost="True">
		<Images State="Normal">
			<Image Type="Middle">button_xigbar_mute_mic_disabled</Image>
		</Images>
	</Component>
	
	<Component Name="XIGBarButtonMuteMic" Class="Tile" MaxWidth="20" MaxHeight="18" Stretch="ToContent" Events="Transparent" DrawOnTopMost="True">
		<Images State="Normal">
			<Image Type="Middle">button_xigbar_mute_mic_norm</Image>
		</Images>
		<Images State="Hover">
			<Image Type="Middle">button_xigbar_mute_mic_hover</Image>
		</Images>
		<Images State="Down">
			<Image Type="Middle">button_xigbar_mute_mic_down</Image>
		</Images>
	</Component>
	
	<Component Name="XIGBarButtonUnmuteMic" Class="Tile" MaxWidth="20" MaxHeight="18" Stretch="ToContent" Events="Transparent" DrawOnTopmost="True">
		<Images State="Normal">
			<Image Type="Middle">button_xigbar_unmute_norm</Image>
		</Images>
		<Images State="Hover">
			<Image Type="Middle">button_xigbar_unmute_hover</Image>
		</Images>
		<Images State="Down">
			<Image Type="Middle">button_xigbar_unmute_down</Image>
		</Images>
	</Component>
	
	<Component Name="XIGBarButtonTalkingMic" Class="Tile" MaxWidth="24" MaxHeight="18" Stretch="ToContent" Events="Transparent" DrawOnTopMost="True">
		<Images State="Normal">
			<Image Type="Middle">button_xigbar_mic_talking</Image>
		</Images>
	</Component>
	
	<!--[@NOTE] This can't have a MinWidth or MinHeight otherwise
	            Xfire can't hide the call buttons -->
	<Component Name="XIGBarButtonCalls" Class="CallButton" MaxWidth="20" MaxHeight="18" Stretch="ToContent" ToolTipTile="XIGToolTipPopup" ToolTipAlign="Above" DrawOnTopMost="True" ButtonType="XfireBarCall">
		<Images State="Disabled">
			<Image Type="Middle">transparent</Image>
		</Images>
	</Component>
	
	<Component Name="XIGBarButtonCall" Class="Tile" MaxWidth="20" MaxHeight="18" Stretch="ToContent" Events="Transparent" DrawOnTopMost="True">
		<Images State="Normal">
			<Image Type="Middle">button_xigbar_call_norm</Image>
		</Images>
		<Images State="Hover">
			<Image Type="Middle">button_xigbar_call_hover</Image>
		</Images>
		<Images State="Down">
			<Image Type="Middle">button_xigbar_call_down</Image>
		</Images>
	</Component>
	
	<Component Name="XIGBarButtonCallRinging" Class="Tile" MaxWidth="20" MaxHeight="18" Stretch="ToContent" Events="Transparent" DrawOnTopMost="True">
		<Images State="Normal">
			<Image Type="Middle">button_xigbar_call_connected</Image>
		</Images>
	</Component>
	
	<Component Name="XIGBarButtonCallConnected" Class="Tile" MaxWidth="20" MaxHeight="18" Stretch="ToContent" Events="Transparent" DrawOnTopMost="True">
		<Images State="Normal">
			<Image Type="Middle">button_xigbar_call_connected</Image>
		</Images>
	</Component>
	
	<Component Name="XIGBarButtonCallDisabled" Class="Tile" MaxWidth="20" MaxHeight="18" Stretch="ToContent" Events="Transparent" DrawOnTopMost="True">
		<Images State="Normal">
			<Image Type="Middle">button_xigbar_call_disabled</Image>
		</Images>
	</Component>
	<!--[END] Call Buttons -->
</Components>