<?xml version="1.0" encoding="UTF-8"?>
<!DOCTYPE Components SYSTEM "CarbonFiber.dtd">

<Components>
	<Component Name="XIGClockOverlay" Class="MainWindow" MinWidth="100" DefaultWidth="110" MinHeight="30" DefaultHeight="30" DefaultX="470" DefaultY="140">
		<Triggers>
			<Trigger Type="OnActiveMode">ShowTile</Trigger>
		</Triggers>
	</Component>
	
	<Component Name="XIGClockText" Class="Text" Stretch="ToFit" Events="Transparent">
		<Triggers>
			<Trigger Type="OnLeftButtonDown">AppDragWindow</Trigger>
		</Triggers>
		<Text Font="Arial" Size="10" Bold="True" Color="XIGLiveStatsTextCG">%clock%</Text>
	</Component>
</Components>