<?xml version="1.0" encoding="UTF-8"?>
<!DOCTYPE Components SYSTEM "CarbonFiber.dtd">

<Components>
	<Component Name="XIGAlertOptions" Class="MainWindow" MinWidth="275" MinHeight="200" DefaultWidth="275" DefaultHeight="200" DefaultX="470" DefaultY="10">
		<Triggers>
			<Trigger Type="OnActiveMode">ShowTile</Trigger>
		</Triggers>
	</Component>
	
	<Component Name="XIGAlertOptionsTitle" Class="Text" Stretch="ToContent" Events="Transparent">
		<Text Font="Arial" Size="12" Bold="True" Color="XIGSystemDialogTitleCG">AlertOptionsTitle</Text>
	</Component>
	
	<Component Name="XIGAlertOptionsPermanentCheckBox" Class="PrefCheckbox" MinWidth="13" MinHeight="13" MaxWidth="13" MaxHeight="13" Stretch="ToContent" DrawOnTopMost="True" ControlLabel="AlertPermanent">
		<Images State="Normal">
			<Image Type="Middle">button_checkbox_unchecked</Image>
		</Images>
		<Images State="Down">
			<Image Type="Middle">button_checkbox_checked</Image>
		</Images>
	</Component>
	
	<Component Name="XIGAlertOptionsPermanentText" Class="Text" MinHeight="13" Stretch="ToContent">
		<Text Font="Arial" Size="12" Bold="False" Color="XIGSystemDialogTextCG">AlwaysShowAlertText</Text>
	</Component>
	
	<Component Name="XIGAlertOptionsDurationEdit" Class="PrefEdit" Stretch="ToContent" CaretColor="XIGCaretCG" SelectionColor="ListColorSelectedCG" SelectionTextColor="ListColorSelectedTextCG" SelectionSelectorColor="XIGCaretCG" ControlLabel="AlertDuration" Numeric="True">
		<Fonts>
			<Font Type="Text" Font="Arial" Size="10" Bold="False" Color="TextFieldTextCG" />
		</Fonts>
	</Component>
	
	<Component Name="XIGAlertOptionsDurationText" Class="Text" MinHeight="14" Stretch="ToContent">
		<Text Font="Arial" Size="12" Bold="False" Color="XIGSystemDialogTextCG">DisplayDurationText</Text>
	</Component>
</Components>