<?xml version="1.0" encoding="UTF-8"?>
<!DOCTYPE ActiveWindow SYSTEM "CarbonFiber.dtd">

<ActiveWindow>
	<Tile Name="ChatRooms" ResizeX="100" ResizeY="100" Component="XIGChatRooms">
		<!--
		//////////////////////////////////////////////
		// Resize Grippers
		//////////////////////////////////////////////
		-->
		<Tile Name="ResizeGripperTL" Z="26" JustX="Left" JustY="Top" Component="XIGActiveWindowsResizeGripperTL" />
		<Tile Name="ResizeGripperT" Z="25" JustY="Top" ResizeX="100" IndentRight="ResizeGripperTR.Width" IndentLeft="ResizeGripperTL.Width" Component="XIGActiveWindowsResizeGripperTop" />
		<Tile Name="ResizeGripperTR" Z="26" JustX="Right" JustY="Top" Component="XIGActiveWindowsResizeGripperTR" />
		<Tile Name="ResizeGripperL" Z="25" JustX="Left" JustY="Center" ResizeY="100" IndentTop="ResizeGripperTL.Height" IndentBottom="ResizeGripperBL.Height" Component="XIGActiveWindowsResizeGripperL" />
		<Tile Name="ResizeGripperR" Z="25" JustX="Right" JustY="Center" ResizeY="100" IndentTop="ResizeGripperTR.Height" IndentBottom="ResizeGripperBR.Height" Component="XIGActiveWindowsResizeGripperR" />
		<Tile Name="ResizeGripperBL" Z="26" JustX="Left" JustY="Bottom" Component="XIGActiveWindowsResizeGripperBL" />
		<Tile Name="ResizeGripperBottom" Z="25" JustY="Bottom" ResizeX="100" IndentRight="ResizeGripperBR.Width" IndentLeft="ResizeGripperBL.Width"  Component="XIGActiveWindowsResizeGripperBottom" />
		<Tile Name="ResizeGripperBR" X="2" Y="2" Z="26" JustX="Right" JustY="Bottom" Component="XIGActiveWindowsResizeGripperBR" />
		
		
		
		<!--
		//////////////////////////////////////////////
		// Window Draggers
		//////////////////////////////////////////////
		-->
		<Tile Name="WindowDragger" Z="10" ResizeX="100" ResizeY="100" Component="XIGWindowDragger" />
		
		
		
		<!--
		//////////////////////////////////////////////
		// Window Frame
		//////////////////////////////////////////////
		-->
		<Tile Name="TopRow" Z="1" JustY="Top" ResizeX="100" Component="XIGActiveWindowsTopRow" />
		<Tile Name="LeftSide" Z="1" JustX="Left" JustY="Top" ResizeY="100" IndentTop="TopRow.Height" IndentBottom="BottomRow.Height" Component="XIGActiveWindowsLeftSide" />
		<Tile Name="Background" Z="1" ResizeX="100" ResizeY="100" IndentRight="RightSide.Width" IndentBottom="BottomRow.Height" IndentLeft="LeftSide.Width" IndentTop="TopRow.Height" Component="XIGActiveWindowsBackground" />
		<Tile Name="RightSide" Z="1" JustX="Right" JustY="Top" ResizeY="100" IndentTop="TopRow.Height" IndentBottom="BottomRow.Height" Component="XIGActiveWindowsRightSide" />
		<Tile Name="BottomRow" Z="1" JustY="Bottom" ResizeX="100" Component="XIGActiveWindowsBottomRow" />
		
		
		
		<!--
		//////////////////////////////////////////////
		// Content
		//////////////////////////////////////////////
		-->
		<Tile Name="UsernameTitle" Y="8" Z="25" ResizeX="50" IndentLeft="10" Component="Username" />
		<Tile Name="ChatRoomsTitle" Y="8" Z="25" JustX="Right" ResizeX="50" IndentRight="25" Component="XIGChatRoomsTitle" />
		
		<Tile Name="ButtonClose" X="8" Y="4" Z="25" JustX="Right" ControlId="8" TabOrder="40" Component="XIGActiveWindowsButtonClose" />
		
		
		<!--
		//////////////////////////////////////////////
		// Tab Buttons
		//////////////////////////////////////////////
		-->
		<Tile Name="TabsContainer" Y="29" Z="25" ResizeX="100" IndentRight="10" IndentLeft="10" Component="TabButtonsContainer">
			<!-- Reverse stacking order because tabs are center aligned -->
			<Tile Name="ButtonFriendsTab" ControlId="260" TabOrder="60" Component="XIGActiveWindowButtonFriendsTab" />
			<Tile Name="ButtonChatRoomsTab" X="ButtonFriendsTab.Right-1" Component="XIGActiveWindowButtonChatRoomsTabActive" />
			<Tile Name="ButtonOptionsTab" X="ButtonChatRoomsTab.Right-1" ControlId="262" TabOrder="62" Component="XIGActiveWindowButtonOptionsTab" />
			<Tile Name="ButtonHelpTab" X="ButtonOptionsTab.Right-1" ControlId="270" TabOrder="70" Component="XIGActiveWindowButtonHelpTab" />
			<Tile Name="ButtonChatsTab" X="ButtonHelpTab.Right-1" ControlId="261" TabOrder="61" Component="XIGActiveWindowButtonChatsTab" />
		</Tile>
		
			
		<!--[BEGIN] Content Container -->
		<Tile Name="ContentContainer" Y="TabsContainer.Bottom-1" Z="24" ResizeX="100" ResizeY="100" IndentRight="10" IndentBottom="32" IndentLeft="10" Component="ContentContainer">
			<!--[BEGIN] Chat Rooms List -->
			<Tile Name="ChatRoomsList" Y="1" Z="24" ResizeX="100" ResizeY="100" IndentRight="12" IndentBottom="1" IndentLeft="1" ControlId="5" TabOrder="10" Default="SetFocusControl" Component="XIGChatRoomsRoomList">
				<Tile Name="ListItemBG" ResizeX="100" ResizeY="100" Component="XIGListItemBG" />
				<Tile Name="ListItemBGSelected" ResizeX="100" ResizeY="100" Component="XIGListItemBGSelected" />
			</Tile>
			<Tile Name="VertScrollBar" X="ChatRoomsList.Right" Y="ChatRoomsList.Top" Z="25" ResizeY="100" IndentBottom="1" AttachedControlId="5" Component="XIGVertScrollBar" />
			<!--[END] Chat Rooms List -->
			
			<!-- <Tile Name="ContentBackground" Z="3" JustX="Center" JustY="Center" IndentTop="TabsContainer.Height" IndentRight="2" IndentBottom="2" IndentLeft="2" Component="XfireListBackdrop" /> -->
		</Tile>
		<!--[END] Content Container -->
		
		
		
		<!--
		//////////////////////////////////////////////
		// Buttons
		//////////////////////////////////////////////
		-->
		<Tile Name="ChatRoomsButtonBar" Y="ContentContainer.Bottom+3" Z="25" ResizeX="100" IndentLeft="10" IndentRight="10" Component="XIGChatRoomsButtonBar">
			<!--[BEGIN] Buttons -->
			<Tile Name="RoomEditBG" Z="25" JustY="Center" Component="RoomEditBackground">
				<Tile Name="RoomEdit" Z="26" ResizeX="100" ResizeY="100" IndentTop="2" IndentRight="2" IndentBottom="2" IndentLeft="2" ControlId="230" AttachedControlId="5" TabOrder="20" Component="XIGActiveWindowRoomEdit" />
			</Tile>
			<Tile Name="ButtonEnter" X="RoomEditBG.Right+3" Z="25" ControlId="231" AttachedControlId="230" TabOrder="21" Component="XIGActiveWindowButtonEnterChatroom" />
			<Tile Name="ButtonNewRoom" X="ButtonEnter.Right+3" Z="25" ControlId="232" TabOrder="22" Component="XIGActiveWindowButtonNewRoom" />
			<!--[END] Buttons -->
			
			<!--[BEGIN] Opacity Slider -->
			<Tile Name="OpacitySlider" X="32" Z="25" JustX="Right" JustY="Center" TabOrder="2" ControlId="1802" FocusedColor="XIGFocusedColor" Component="XIGOpacitySlider">
				<Tile Name="OpacTrack" ResizeX="100" Component="XIGOpacityTrack" />
				<Tile Name="OpacGripper" Component="XIGOpacityGripper" />
			</Tile>
			<!--[END] Opacity Slider -->
		</Tile>
	</Tile>
</ActiveWindow>