<?xml version="1.0" encoding="UTF-8"?>
<!DOCTYPE ActiveWindow SYSTEM "CarbonFiber.dtd">

<ActiveWindow>
	<Tile Name="Chats" ResizeX="100" ResizeY="100" Component="XIGChats">
		<!--
		//////////////////////////////////////////////
		// Resize Grippers
		//////////////////////////////////////////////
		-->
		<Tile Name="ResizeGripperTL" Z="26" JustX="Left" JustY="Top" Component="XIGActiveWindowsResizeGripperTL" />
		<Tile Name="ResizeGripperT" Z="25" JustY="Top" ResizeX="100" IndentRight="ResizeGripperTR.Width" IndentLeft="ResizeGripperTL.Width" Component="XIGActiveWindowsResizeGripperTop" />
		<Tile Name="ResizeGripperTR" Z="26" JustX="Right" JustY="Top" Component="XIGActiveWindowsResizeGripperTR" />
		<Tile Name="ResizeGripperL" Z="25" JustX="Left" JustY="Center" ResizeY="100" IndentTop="ResizeGripperTL.Height" IndentBottom="ResizeGripperBL.Height" Component="XIGActiveWindowsResizeGripperL" />
		<Tile Name="ResizeGripperR" Z="25" JustX="Right" JustY="Center" ResizeY="100" IndentTop="ResizeGripperTR.Height" IndentBottom="ResizeGripperBR.Height" Component="XIGActiveWindowsResizeGripperR" />
		<Tile Name="ResizeGripperBL" Z="26" JustX="Left" JustY="Bottom" Component="XIGActiveWindowsResizeGripperBL" />
		<Tile Name="ResizeGripperBottom" Z="25" JustY="Bottom" ResizeX="100" IndentRight="ResizeGripperBR.Width" IndentLeft="ResizeGripperBL.Width"  Component="XIGActiveWindowsResizeGripperBottom" />
		<Tile Name="ResizeGripperBR" X="2" Y="2" Z="26" JustX="Right" JustY="Bottom" Component="XIGActiveWindowsResizeGripperBR" />
		
		
		
		<!--
		//////////////////////////////////////////////
		// Window Draggers
		//////////////////////////////////////////////
		-->
		<Tile Name="WindowDragger" Z="10" ResizeX="100" ResizeY="100" Component="XIGWindowDragger" />
		
		
		
		<!--
		//////////////////////////////////////////////
		// Window Frame
		//////////////////////////////////////////////
		-->
		<Tile Name="TopRow" Z="1" JustY="Top" ResizeX="100" Component="XIGActiveWindowsTopRow" />
		<Tile Name="LeftSide" Z="1" JustX="Left" JustY="Top" ResizeY="100" IndentTop="TopRow.Height" IndentBottom="BottomRow.Height" Component="XIGActiveWindowsLeftSide" />
		<Tile Name="Background" Z="1" ResizeX="100" ResizeY="100" IndentRight="RightSide.Width" IndentBottom="BottomRow.Height" IndentLeft="LeftSide.Width" IndentTop="TopRow.Height" Component="XIGActiveWindowsBackground" />
		<Tile Name="RightSide" Z="1" JustX="Right" JustY="Top" ResizeY="100" IndentTop="TopRow.Height" IndentBottom="BottomRow.Height" Component="XIGActiveWindowsRightSide" />
		<Tile Name="BottomRow" Z="1" JustY="Bottom" ResizeX="100" Component="XIGActiveWindowsBottomRow" />
		
		
		
		<!--
		//////////////////////////////////////////////
		// Content
		//////////////////////////////////////////////
		-->
		<Tile Name="UsernameTitle" Y="8" Z="25" ResizeX="50" IndentLeft="10" Component="Username" />
		<Tile Name="ChatsTitle" Y="8" Z="25" JustX="Right" ResizeX="50" IndentRight="25" Component="XIGChatsTitle" />
		
		<Tile Name="ButtonClose" X="8" Y="4" Z="25" JustX="Right" ControlId="8" TabOrder="40" Component="XIGActiveWindowsButtonClose" />
		
		
		<!--
		//////////////////////////////////////////////
		// Tab Buttons
		//////////////////////////////////////////////
		-->
		<Tile Name="TabsContainer" Y="29" Z="25" ResizeX="100" IndentRight="10" IndentLeft="10" Component="TabButtonsContainer">
			<Tile Name="ButtonFriendsTab" ControlId="260" TabOrder="50" Component="XIGActiveWindowButtonFriendsTab" />
			<Tile Name="ButtonChatRoomsTab" X="ButtonFriendsTab.Right-1" ControlId="261" TabOrder="51" Component="XIGActiveWindowButtonChatRoomsTab" />
			<Tile Name="ButtonOptionsTab" X="ButtonChatRoomsTab.Right-1" ControlId="262" TabOrder="52" Component="XIGActiveWindowButtonOptionsTab" />
			<Tile Name="ButtonHelpTab" X="ButtonOptionsTab.Right-1" ControlId="270" TabOrder="53" Component="XIGActiveWindowButtonHelpTab" />
			<Tile Name="ButtonChatsTab" X="ButtonHelpTab.Right-1" Component="XIGActiveWindowButtonChatsTabActive" />
		</Tile>
		
		
		<!--[BEGIN] Content Container -->
		<Tile Name="ContentContainer" Y="TabsContainer.Bottom-1" Z="24" ResizeX="100" ResizeY="100" IndentRight="10" IndentBottom="32" IndentLeft="10" Component="ContentContainer">
			<Tile Name="ChatsListContainer" Y="1" Z="25" ResizeY="100" IndentBottom="1" IndentLeft="1" Component="XIGChatsListContainer">
				<!--[BEGIN] All Conversations Header -->
				<Tile Name="AllChatsHeader" Z="25" ResizeX="100" Component="Header">
					<Tile Name="AllChatsText" Z="25" JustX="Center" JustY="Center" Component="XIGChatsAllChatsText">
						<Tile Name="ButtonAllChats" Z="25" ResizeX="100" ResizeY="100" ControlId="220" AttachedControlId="15" TabOrder="60" Component="XIGActiveWindowButtonAllChats" />
					</Tile>
				</Tile>
				<!--[END] All Conversations Header -->
				
				<!--[BEGIN] Conversations List -->
				<Tile Name="ChatsList" Y="AllChatsHeader.Bottom" Z="25" ResizeX="100" ResizeY="100" IndentRight="11" ControlId="15" TabOrder="70" Component="XIGChatsList">
					<Tile Name="ListItemBG" ResizeX="100" ResizeY="100" Component="XIGListItemBG" />
					<Tile Name="ListItemBGSelected" ResizeX="100" ResizeY="100" Component="XIGListItemBGSelected" />
					<Tile Name="ListItemBGAlert" ResizeX="100" ResizeY="100" Component="XIGListItemBGAlert" />
				</Tile>
				<Tile Name="ChatsListVertScrollBar" X="ChatsList.Right" Y="AllChatsHeader.Bottom" Z="25" ResizeY="100" IndentBottom="1" AttachedControlId="15" Component="XIGVertScrollBar" />
				<!--[END] Conversations List -->
				
				<!-- <Tile Name="ChatsListBackground" Z="24" JustX="Center" JustY="Center" Component="XfireListBackdrop" /> -->
			</Tile>
			
			
			<Tile Name="VerticalSeparator" X="ChatsListContainer.Right" Y="ChatsListContainer.Top" Z="25" ResizeY="100" IndentBottom="1" Component="VerticalSeparator" />
			
			
			<Tile Name="ChatsContainer" X="VerticalSeparator.Right" Y="1" Z="23" ResizeX="100" ResizeY="100" IndentRight="1" IndentBottom="1" Component="XIGChatsMsgsContainer">
				<!--[BEGIN] Chats Header -->
				<Tile Name="ChatsHeader" Z="25" ResizeX="100" OutdentRight="1" Component="Header">
					<Tile Name="ChatsTitleText" X="20" Y="3" Z="25" ResizeX="100" IndentRight="24" Component="XIGChatsMsgsHeaderText" />
					<Tile Name="ButtonCloseConvo" X="4" Z="25" JustX="Right" JustY="Center" ControlId="280" AttachedControlId="15" TabOrder="80" Component="XIGChatsCloseConvo" />
				</Tile>
				<!--[END] Chats Header -->
				
				<!--[BEGIN] Chat Area -->
				<Tile Name="ChatAreaContainer" Y="ChatsHeader.Bottom" Z="24" ResizeX="100" ResizeY="100" IndentBottom="17" IndentLeft="1" Component="XIGChatsMsgsContainer">
					<Tile Name="ChatArea" Z="25" ResizeX="100" ResizeY="100" IndentRight="11" ControlId="10" AttachedControlId="15" Component="XIGChatsChatArea" />
					<Tile Name="ChatAreaVertScrollBar" X="ChatArea.Right" Z="25" ResizeY="100" AttachedControlId="10" Component="XIGVertScrollBar" />
				</Tile>
				<!--[END] Chat Area -->
				
				<!--[BEGIN] Chat Edit -->
				<Tile Name="ChatEditContainer" Y="ChatAreaContainer.Bottom" Z="25" ResizeX="100" ResizeY="100" OutdentRight="1" OutdentBottom="1" Component="TextContainer">
					<Tile Name="ChatEdit" Z="26" ResizeX="100" ResizeY="100" ControlId="210" AttachedControlId="15" Default="SetFocusControl" Component="XIGChatsChatEdit" />
				</Tile>
				<!--[END] Chat Edit -->
				
				<!-- <Tile Name="ChatsBackground" Z="20" JustX="Center" JustY="Center" Component="XfireListBackdrop" /> -->
			</Tile>
		</Tile>
		<!--[END] Content Container -->
		
		
		
		<!--
		//////////////////////////////////////////////
		// Buttons
		//////////////////////////////////////////////
		-->
		<Tile Name="ChatsButtonBar" Y="ContentContainer.Bottom+3" Z="25" ResizeX="100" IndentLeft="10" IndentRight="10" Component="XIGChatsButtonBar">
			<!--[BEGIN] Buttons -->
			<Tile Name="ButtonNewRoom" Z="25" ControlId="231" TabOrder="20" Component="XIGActiveWindowButtonNewRoom" />
			<Tile Name="ButtonInvite" X="ButtonNewRoom.Right+3" Z="25" ControlId="232" AttachedControlId="15" TabOrder="21" Component="XIGActiveWindowButtonInviteUsers" />
			<Tile Name="TabbedCall" X="ButtonInvite.Right+3" Z="25" Component="XIGChatsTabbedCall">
				<Tile Name="ButtonCall" CallState="Call" Component="XIGActiveWindowButtonCall" />
				<Tile Name="ButtonAnswer" CallState="Ringing" Component="XIGActiveWindowButtonAnswerCall" />
				<Tile Name="ButtonCancel" CallState="Connected" Component="XIGActiveWindowButtonCancelCall" />
				<Tile Name="ButtonTalking" CallState="Talking" Component="XIGActiveWindowButtonTalkingCall" />
				<Tile Name="DisabledCall" CallState="Disabled" Component="XIGActiveWindowButtonDisabledCall" />
			</Tile>
			<!--[END] Buttons -->
			
			<!--[BEGIN] Opacity Slider -->
			<Tile Name="OpacitySlider" X="32" Z="25" JustX="Right" JustY="Center" TabOrder="2" ControlId="1802" FocusedColor="XIGFocusedColor" Component="XIGOpacitySlider">
				<Tile Name="OpacTrack" ResizeX="100" Component="XIGOpacityTrack" />
				<Tile Name="OpacGripper" Component="XIGOpacityGripper" />
			</Tile>
			<!--[END] Opacity Slider -->
		</Tile>
	</Tile>
</ActiveWindow>