<?xml version="1.0" encoding="UTF-8"?>
<!DOCTYPE ActiveWindow SYSTEM "CarbonFiber.dtd">

<ActiveWindow>
	<Tile Name="Friends" ResizeX="100" ResizeY="100" Component="XIGFriends">
		<!--
		//////////////////////////////////////////////
		// Resize Grippers
		//////////////////////////////////////////////
		-->
		<Tile Name="ResizeGripperTL" Z="26" JustX="Left" JustY="Top" Component="XIGActiveWindowsResizeGripperTL" />
		<Tile Name="ResizeGripperT" Z="25" JustY="Top" ResizeX="100" IndentRight="ResizeGripperTR.Width" IndentLeft="ResizeGripperTL.Width" Component="XIGActiveWindowsResizeGripperTop" />
		<Tile Name="ResizeGripperTR" Z="26" JustX="Right" JustY="Top" Component="XIGActiveWindowsResizeGripperTR" />
		<Tile Name="ResizeGripperL" Z="25" JustX="Left" JustY="Center" ResizeY="100" IndentTop="ResizeGripperTL.Height" IndentBottom="ResizeGripperBL.Height" Component="XIGActiveWindowsResizeGripperL" />
		<Tile Name="ResizeGripperR" Z="25" JustX="Right" JustY="Center" ResizeY="100" IndentTop="ResizeGripperTR.Height" IndentBottom="ResizeGripperBR.Height" Component="XIGActiveWindowsResizeGripperR" />
		<Tile Name="ResizeGripperBL" Z="26" JustX="Left" JustY="Bottom" Component="XIGActiveWindowsResizeGripperBL" />
		<Tile Name="ResizeGripperBottom" Z="25" JustY="Bottom" ResizeX="100" IndentRight="ResizeGripperBR.Width" IndentLeft="ResizeGripperBL.Width"  Component="XIGActiveWindowsResizeGripperBottom" />
		<Tile Name="ResizeGripperBR" X="2" Y="2" Z="26" JustX="Right" JustY="Bottom" Component="XIGActiveWindowsResizeGripperBR" />
		
		
		
		<!--
		//////////////////////////////////////////////
		// Window Draggers
		//////////////////////////////////////////////
		-->
		<Tile Name="WindowDragger" Z="10" ResizeX="100" ResizeY="100" Component="XIGWindowDragger" />
		
		
		
		<!--
		//////////////////////////////////////////////
		// Window Frame
		//////////////////////////////////////////////
		-->
		<Tile Name="TopRow" Z="1" JustY="Top" ResizeX="100" Component="XIGActiveWindowsTopRow" />
		<Tile Name="LeftSide" Z="1" JustX="Left" JustY="Top" ResizeY="100" IndentTop="TopRow.Height" IndentBottom="BottomRow.Height" Component="XIGActiveWindowsLeftSide" />
		<Tile Name="Background" Z="1" ResizeX="100" ResizeY="100" IndentRight="RightSide.Width" IndentBottom="BottomRow.Height" IndentLeft="LeftSide.Width" IndentTop="TopRow.Height" Component="XIGActiveWindowsBackground" />
		<Tile Name="RightSide" Z="1" JustX="Right" JustY="Top" ResizeY="100" IndentTop="TopRow.Height" IndentBottom="BottomRow.Height" Component="XIGActiveWindowsRightSide" />
		<Tile Name="BottomRow" Z="1" JustY="Bottom" ResizeX="100" Component="XIGActiveWindowsBottomRow" />
		
		
		
		<!--
		//////////////////////////////////////////////
		// Content
		//////////////////////////////////////////////
		-->
		<Tile Name="UsernameTitle" Y="8" Z="25" ResizeX="50" IndentLeft="10" Component="Username" />
		<Tile Name="FriendsTitle" Y="8" Z="25" JustX="Right" ResizeX="50" IndentRight="25" Component="XIGFriendsTitle" />
		
		<Tile Name="ButtonClose" X="8" Y="4" Z="25" JustX="Right" ControlId="8" TabOrder="40" Component="XIGActiveWindowsButtonClose" /><!--
		
		
		//////////////////////////////////////////////
		// Tab Buttons
		//////////////////////////////////////////////
		-->
		<Tile Name="TabsContainer" Y="29" Z="25" ResizeX="100" IndentRight="10" IndentLeft="10" Component="TabButtonsContainer">
			<Tile Name="ButtonFriendsTab" Component="XIGActiveWindowButtonFriendsTabActive" />
			<Tile Name="ButtonChatRoomsTab" X="ButtonFriendsTab.Right-1" ControlId="89" TabOrder="49" Component="XIGActiveWindowButtonChatRoomsTab" />
			<Tile Name="ButtonOptionsTab" X="ButtonChatRoomsTab.Right-1" ControlId="91" TabOrder="51" Component="XIGActiveWindowButtonOptionsTab" />
			<Tile Name="ButtonHelpTab" X="ButtonOptionsTab.Right-1" ControlId="10" TabOrder="60" Component="XIGActiveWindowButtonHelpTab" />
			<Tile Name="ButtonChatsTab" X="ButtonHelpTab.Right-1" ControlId="9" TabOrder="50" Component="XIGActiveWindowButtonChatsTab" />
		</Tile>
		
		
		<!--[BEGIN] Content Container -->
		<Tile Name="ContentContainer" Y="TabsContainer.Bottom-1" Z="24" ResizeX="100" ResizeY="100" IndentRight="10" IndentBottom="32" IndentLeft="10" Component="ContentContainer">
			<Tile Name="GroupsListContainer" Y="1" Z="24" ResizeY="100" IndentBottom="1" IndentLeft="1" Component="XIGFriendsGroupsListContainer">
				<!--[BEGIN] Groups List Header -->
				<Tile Name="GroupsListHeader" Z="25" ResizeX="100" Component="Header">
					<Tile Name="GroupsHeaderText" Y="3" Z="26" JustX="Center" Component="XIGFriendsGroupsHeaderText" />
				</Tile>
				<!--[END] Groups List Header -->
				
				<!--[BEGIN] Groups List -->
				<Tile Name="GroupsList" Y="GroupsListHeader.Bottom" Z="25" ResizeX="100" ResizeY="100" IndentRight="11" ControlId="55" TabOrder="9" Component="XIGFriendsGroupsList">
					<Tile Name="GroupsListItemBG" ResizeX="100" ResizeY="100" Component="XIGListItemBG" />
					<Tile Name="GroupsListItemBGSelected" ResizeX="100" ResizeY="100" Component="XIGListItemBGSelected" />
				</Tile>
				<Tile Name="GroupsListVertScrollBar" X="GroupsList.Right" Y="GroupsListHeader.Bottom" Z="25" ResizeY="100" IndentBottom="1" AttachedControlId="55" Component="XIGVertScrollBar" />
				<!--[END] Groups List -->
				
				<!-- <Tile Name="GroupsListBackground" Z="2" ResizeX="100" ResizeY="100" IndentTop="TabsContainer.Height+24" IndentRight="2" IndentLeft="2" Component="XfireListBackdrop" /> -->
			</Tile>
			
			
			<Tile Name="VerticalSeparator" X="GroupsListContainer.Right" Y="GroupsListContainer.Top" Z="25" ResizeY="100" IndentBottom="1" Component="VerticalSeparator" />
			
			
			<Tile Name="FriendsListContainer" X="VerticalSeparator.Right" Y="GroupsListContainer.Top" Z="25" ResizeX="100" ResizeY="100" IndentRight="1" IndentBottom="1" Component="XIGFriendsFriendsListContainer">
				<!--[BEGIN] Friends List Header -->
				<Tile Name="FriendsListHeader" Z="25" ResizeX="100" Component="Header">
					<Tile Name="FriendsTitleText" JustX="Center" Y="3" ResizeX="100" IndentRight="7" IndentLeft="7" Component="XIGFriendsFriendsListHeaderText" />
				</Tile>
				<!--[END] Friends List Header -->
				
				<!--[BEGIN] Friends List -->
				<Tile Name="FriendsList" Y="FriendsListHeader.Bottom" Z="25" ResizeX="100" ResizeY="100" IndentRight="11" ControlId="5" AttachedControlId="55" TabOrder="10" Default="SetFocusControl" Component="XIGFriendsFriendsList">
					<Tile Name="FriendsListItemBG" ResizeX="100" ResizeY="100" Component="XIGListItemBG" />
					<Tile Name="FriendsListItemBGSelected" ResizeX="100" ResizeY="100" Component="XIGListItemBGSelected" />
				</Tile>
				<Tile Name="FriendsListVertScrollBar" X="FriendsList.Right" Y="FriendsListHeader.Bottom" Z="25" ResizeY="100" AttachedControlId="5" Component="XIGVertScrollBar" />
				<!--[END] Friends List -->
				
				<!-- <Tile Name="FriendsListBackground" Z="2" ResizeX="100" ResizeY="100" IndentTop="TabsContainer.Height+18" Component="XfireListBackdrop" /> -->
			</Tile>
		</Tile>
		<!--[END] Content Container -->
		
		
		
		<!--
		//////////////////////////////////////////////
		// Buttons
		//////////////////////////////////////////////
		-->
		<Tile Name="FriendsButtonBar" Y="ContentContainer.Bottom+3" Z="25" ResizeX="100" IndentLeft="10" IndentRight="10" Component="XIGFriendsButtonBar">
			<!--[BEGIN] Buttons -->
			<Tile Name="ButtonAddFriend" Z="25" ControlId="11" TabOrder="19" Component="XIGActiveWindowButtonAddFriend" />
			<Tile Name="ButtonChat" X="ButtonAddFriend.Right+3" Z="25" ControlId="6" AttachedControlId="5" TabOrder="20" Component="XIGActiveWindowButtonChat" />
			<Tile Name="TabbedCall" X="ButtonChat.Right+3" Z="25" AttachedControlId="5" ControlId="56" TabOrder="5" Component="XIGChatsTabbedCall">
				<Tile Name="ButtonCall" CallState="Call" Component="XIGActiveWindowButtonCall" />
				<Tile Name="ButtonAnswer" CallState="Ringing" Component="XIGActiveWindowButtonAnswerCall" />
				<Tile Name="ButtonCancel" CallState="Connected" Component="XIGActiveWindowButtonCancelCall" />
				<Tile Name="ButtonTalking" CallState="Talking" Component="XIGActiveWindowButtonTalkingCall" />
				<Tile Name="DisabledCall" CallState="Disabled" Component="XIGActiveWindowButtonDisabledCall" />
			</Tile>
			<!--[END] Buttons -->
			
			
			<!--[BEGIN] Opacity Slider -->
			<Tile Name="OpacitySlider" X="32" Z="25" JustX="Right" JustY="Center" TabOrder="2" ControlId="1802" FocusedColor="XIGFocusedColor" Component="XIGOpacitySlider">
				<Tile Name="OpacTrack" ResizeX="100" Component="XIGOpacityTrack" />
				<Tile Name="OpacGripper" Component="XIGOpacityGripper" />
			</Tile>
			<!--[END] Opacity Slider -->
		</Tile>
	</Tile>
</ActiveWindow>